Price,Reviews_cleaned,Ratings_cleaned,BookCategory_Encoded
220.0,4.0,8,0
202.93,3.9,14,2
299.0,4.8,6,6
180.0,4.1,13,5
965.62,5.0,1,1
900.0,4.5,8,10
224.0,4.4,72,5
836.0,4.7,16,10
130.0,4.2,111,2
695.0,4.0,1,0
373.0,4.9,132,7
309.0,3.5,17,4
379.0,4.1,4,0
1066.0,5.0,3,10
381.22,3.8,5,9
287.0,5.0,2,3
162.0,5.0,1,5
587.0,4.9,23,3
291.0,4.5,76,2
352.0,4.3,5,4
339.0,4.9,10,0
309.0,5.0,2,10
262.0,3.1,2,0
607.0,3.1,10,4
536.0,4.8,9,7
621.0,4.0,1,8
286.98,4.3,15,10
3779.0,4.3,34,3
802.0,5.0,17,10
588.26,5.0,9,2
340.0,4.0,32,5
799.0,3.9,2,6
395.1,4.4,49,2
225.0,4.2,49,9
1780.0,4.3,10,3
309.0,4.3,8,5
559.0,4.4,62,7
224.0,3.9,61,2
565.0,5.0,1,5
511.0,4.6,8,10
144.0,5.0,7,7
1455.9,4.7,5,5
645.0,3.8,18,7
427.0,4.5,16,7
560.0,4.6,6,9
395.1,5.0,3,10
386.0,5.0,2,1
226.0,4.1,98,2
303.0,4.8,12,0
1383.0,4.8,14,1
235.0,3.8,3,0
427.0,4.4,97,2
587.0,2.0,1,1
262.0,4.6,7,5
769.0,5.0,2,2
180.0,5.0,2,6
199.0,4.2,7,9
370.0,4.1,5,6
259.0,4.7,285,0
444.25,4.1,29,1
743.0,5.0,1,4
360.0,3.7,27,2
247.0,4.0,4,8
88.0,3.2,267,9
191.0,4.0,24,4
138.0,4.0,7,6
503.0,4.7,6,0
220.0,5.0,2,6
325.0,4.3,146,5
573.18,5.0,1,8
1049.0,4.0,4,7
413.0,5.0,1,6
304.0,4.1,95,0
661.0,5.0,1,3
334.0,4.6,234,10
543.0,3.7,35,1
721.0,5.0,3,8
1643.0,4.1,5,1
309.0,4.4,7,5
854.0,4.0,2,6
1799.0,5.0,4,6
437.0,4.6,66,2
409.0,5.0,1,10
239.0,4.5,15,1
374.0,4.5,8,8
199.0,3.2,20,2
345.0,4.6,39,2
373.0,4.2,9,8
400.0,5.0,6,7
433.0,3.7,3,2
1477.0,4.8,7,10
499.0,2.6,7,1
262.0,4.9,12,10
2846.0,4.1,171,4
150.0,5.0,13,2
350.0,4.0,2,6
434.0,3.5,2,2
423.24,4.5,9,1
449.0,5.0,2,4
510.0,3.2,7,7
93.0,4.6,399,9
479.0,5.0,1,6
115.0,4.0,7,9
319.0,4.5,42,5
74.0,4.0,2,7
399.0,2.8,2,4
3242.0,5.0,2,4
324.35,4.2,142,9
555.0,3.4,4,10
302.0,2.9,10,2
200.0,3.9,62,2
212.0,4.1,3,10
685.0,5.0,1,3
427.0,5.0,1,10
1099.0,4.5,15,1
1453.0,5.0,5,10
190.0,4.8,6,0
336.0,4.7,11,6
647.0,4.7,20,1
320.0,4.7,4,6
899.0,5.0,1,1
235.0,4.3,839,5
260.0,3.9,47,2
620.0,3.5,5,0
599.0,4.0,1,7
449.0,4.3,3,10
837.0,4.4,18,8
1879.0,5.0,1,3
547.0,4.3,165,8
199.0,3.7,30,6
549.0,3.3,7,7
1059.0,4.2,5,1
374.0,4.2,53,8
624.0,3.7,3,3
1045.0,4.0,2,1
1625.0,5.0,1,1
815.0,4.5,6,2
816.0,4.3,32,6
614.0,4.5,10,10
180.0,4.6,14,6
397.0,4.8,77,2
155.0,4.3,16,1
303.0,4.0,33,2
459.0,4.5,35,4
309.0,4.2,37,0
1179.99,4.6,3,0
774.0,3.7,4,3
3859.0,5.0,6,4
209.0,5.0,8,5
1600.0,4.8,10,4
372.0,4.5,2,5
2964.0,5.0,1,4
325.0,3.9,9,4
449.0,5.0,6,6
330.0,4.6,54,8
450.0,5.0,1,8
1029.0,5.0,2,6
375.0,3.7,6,6
720.0,4.0,1,7
395.0,4.3,35,9
184.0,4.9,13,5
283.0,3.8,13,6
449.0,3.0,1,6
299.0,4.3,28,2
299.0,3.7,7,5
270.0,4.5,2,10
61.0,4.5,2,7
184.0,3.7,23,5
70.0,4.2,50,9
418.0,5.0,2,0
395.0,4.7,4,10
179.0,4.0,197,7
782.0,5.0,2,3
475.44,3.5,4,7
403.0,4.0,30,6
359.0,5.0,1,9
114.0,3.9,26,5
639.0,4.7,5,3
247.0,4.4,3,5
210.0,4.2,114,9
117.0,3.7,32,9
1679.0,3.8,12,4
73.0,5.0,1,7
2905.0,4.2,46,4
344.0,4.7,15,1
1499.0,5.0,1,4
309.0,3.0,1,9
250.0,4.5,72,9
259.0,4.8,51,8
1074.0,5.0,1,9
322.0,4.3,161,2
768.0,5.0,3,1
120.0,4.6,135,0
205.0,4.3,26,6
338.0,4.6,41,5
723.0,5.0,1,6
1499.0,3.0,1,1
171.0,4.5,156,2
372.0,4.3,15,2
369.0,4.7,77,6
73.0,4.6,1416,2
783.0,4.5,4,0
259.0,5.0,1,9
1268.0,4.2,3,1
187.0,4.7,49,0
677.0,4.6,3,3
266.0,4.5,4,0
344.0,4.5,2,5
304.0,4.1,93,0
82.0,3.3,7,3
434.0,5.0,3,8
248.0,3.5,27,5
153.0,3.0,1,1
203.0,3.8,23,0
335.0,4.5,221,4
455.0,4.8,5,10
702.0,5.0,2,3
69.0,3.3,36,7
296.0,4.6,3,5
334.0,4.8,6,2
399.0,3.9,154,5
135.0,4.0,3,6
428.0,3.4,8,0
659.0,4.4,74,7
678.0,4.6,20,3
320.0,3.3,10,7
363.0,4.2,49,7
319.0,4.2,14,0
793.0,4.1,2,6
228.0,4.4,24,5
1196.0,5.0,2,1
258.0,5.0,7,0
319.0,4.1,35,5
734.0,5.0,1,10
395.0,4.6,45,0
1453.0,3.9,6,1
97.0,4.4,3,10
378.91,4.6,11,10
259.0,4.4,7,5
299.0,4.3,13,0
88.0,4.5,5,7
375.0,5.0,1,5
304.0,4.6,41,1
541.0,5.0,2,3
380.0,3.9,20,7
489.0,4.7,8,3
354.0,4.5,2,3
205.0,5.0,10,2
449.0,4.2,4,3
415.0,4.4,39,0
497.0,5.0,1,3
2742.0,4.0,27,2
467.0,3.0,1,3
373.0,2.9,11,2
706.0,3.0,3,10
233.22,4.6,3,5
1009.0,5.0,1,7
159.0,4.1,240,4
773.0,4.4,50,9
139.0,3.7,62,2
1203.0,5.0,1,10
259.0,4.1,55,4
228.0,3.4,4,2
375.0,3.5,9,0
113.0,2.0,2,7
480.0,4.5,55,4
1038.0,4.0,1,10
690.0,4.5,19,10
299.0,3.3,3,4
245.0,4.6,5,8
425.0,4.5,2,1
324.0,5.0,2,1
239.0,4.0,4,6
242.0,4.7,17,7
580.0,4.6,7,2
420.44,4.3,26,2
469.0,4.3,4,10
359.0,4.7,7,0
225.0,4.3,37,0
407.5,4.3,48,9
125.0,3.9,15,7
79.0,4.1,404,4
319.0,5.0,2,6
798.44,5.0,1,3
178.0,3.7,8,9
443.0,4.4,8,10
1416.0,5.0,1,1
399.14,2.5,3,0
310.0,3.8,3,6
161.0,4.0,1,9
399.0,4.8,7,9
240.93,4.2,29,2
155.0,4.2,245,2
599.0,4.2,11,4
375.0,4.1,35,10
450.0,4.5,8,10
309.0,4.1,37,5
140.0,4.0,5,10
1280.0,4.4,5,10
3951.07,1.0,1,6
158.0,4.5,45,10
399.0,4.5,5,5
220.0,3.5,14,0
366.0,4.2,6,8
319.0,4.5,62,2
408.0,4.0,35,9
449.0,5.0,2,0
2275.0,3.9,9,4
808.0,5.0,3,7
350.0,4.6,10,1
1499.0,5.0,1,6
270.0,3.0,22,7
311.0,3.0,2,3
295.0,3.7,26,8
2655.21,5.0,1,0
779.0,4.4,3,1
497.0,4.0,11,2
207.0,4.4,26,9
212.0,3.7,18,7
508.0,4.7,36,8
858.0,3.5,5,1
1300.0,3.8,62,6
449.0,4.6,7,9
130.0,4.0,2,9
493.0,5.0,3,6
399.0,4.1,10,0
179.0,4.4,292,5
336.0,3.6,5,9
125.0,4.1,14,9
130.0,5.0,1,3
374.0,4.1,25,2
247.0,3.4,7,6
206.5,5.0,1,6
274.0,3.0,1,5
1320.0,5.0,1,3
925.0,4.8,6,4
999.0,3.6,9,3
153.0,4.1,75,9
403.9,5.0,12,2
479.0,3.6,381,0
319.0,4.0,10,1
599.0,5.0,1,8
295.0,4.4,18,2
342.0,5.0,1,0
130.0,4.0,2,5
552.21,4.0,44,1
559.0,3.9,32,4
332.0,2.9,3,5
1770.45,4.0,1,4
336.0,3.6,17,9
1137.0,5.0,3,3
440.0,3.1,8,0
1025.0,4.1,11,4
413.0,5.0,1,3
141.0,3.6,27,4
1791.41,5.0,3,1
1730.0,4.7,5,4
120.0,4.6,443,9
270.0,4.2,425,2
123.0,4.2,16,5
228.0,4.3,10,0
295.0,3.7,8,8
556.0,5.0,1,9
958.0,5.0,3,3
450.0,5.0,2,6
175.0,4.2,21,3
352.0,4.6,238,8
98.0,4.0,165,9
182.0,4.6,15,5
461.23,5.0,8,0
153.0,4.7,84,2
1825.0,4.4,68,4
1939.0,5.0,1,6
549.0,4.3,6,9
382.0,4.5,2,0
369.0,4.1,4,0
184.0,2.7,3,1
2216.63,4.3,20,0
250.0,3.0,1,5
538.26,4.2,9,10
439.0,3.9,2,0
280.0,5.0,4,7
295.0,5.0,3,5
379.0,4.5,9,6
273.0,4.4,33,5
2350.0,5.0,2,1
342.0,4.6,9,3
573.0,4.6,11,3
308.0,2.0,1,7
621.0,4.3,108,3
329.0,4.1,7,5
409.0,3.8,25,8
690.0,4.0,1,10
517.0,4.8,5,0
261.0,4.1,16,5
450.0,3.9,17,2
496.0,4.4,8,4
850.0,4.1,23,4
189.0,3.9,2,0
1349.0,5.0,1,7
82.0,4.8,7,3
879.0,4.4,10,2
899.0,5.0,1,10
401.0,4.6,74,2
184.0,4.7,7,5
466.68,4.4,12,7
2590.0,4.0,1,1
205.0,4.6,5,4
799.0,5.0,4,3
499.0,5.0,1,0
294.0,4.8,7,5
85.0,4.2,5,3
334.0,3.6,4,0
125.0,3.8,32,7
200.0,3.6,52,4
559.0,4.5,28,8
154.0,4.8,15,8
309.0,4.3,57,0
25.0,2.0,1,1
760.0,4.2,3,1
272.0,4.3,109,5
401.0,4.0,1,0
500.0,5.0,2,0
281.0,3.7,6,6
536.0,4.8,9,3
443.0,4.5,17,9
474.0,4.9,12,3
369.0,4.0,22,0
304.0,4.7,32,3
498.95,5.0,2,0
449.0,4.0,1,0
487.0,5.0,7,3
180.0,2.0,1,5
559.0,4.5,89,5
113.0,3.0,1,9
149.0,4.4,16,9
562.93,5.0,8,3
340.0,4.6,37,4
823.0,4.5,5,3
386.0,4.6,3,0
299.0,4.5,5,0
138.0,4.1,4,7
316.0,4.4,42,9
195.0,4.0,3,10
225.0,4.1,45,5
110.0,4.3,304,9
369.0,4.7,18,5
419.0,4.8,19,1
243.0,3.8,96,10
270.0,4.8,5,9
4013.0,4.7,4,4
400.44,4.3,22,1
230.0,4.5,419,4
350.0,4.6,10,2
2820.0,5.0,1,6
624.0,5.0,3,3
450.0,4.0,3,9
243.0,3.9,12,5
182.0,4.5,205,9
355.0,3.8,6,6
1075.0,5.0,2,3
387.0,4.0,10,5
309.0,5.0,1,9
147.0,4.3,8,0
302.0,4.4,15,5
2450.0,3.7,4,4
674.25,4.2,4,6
319.0,1.0,1,0
295.0,5.0,3,8
524.0,5.0,1,10
287.0,4.1,85,6
1197.0,4.4,6,9
318.0,4.5,4,5
231.0,4.3,68,0
749.0,5.0,1,8
310.0,5.0,1,7
752.36,4.9,10,8
335.0,4.0,1,9
113.0,4.3,7,7
451.0,3.9,9,3
146.0,4.4,960,5
109.0,4.3,6,7
39.0,4.1,71,7
295.0,4.8,5,4
319.0,4.1,37,0
277.0,4.7,167,2
146.0,4.5,14,5
514.4,5.0,8,0
378.0,4.1,11,0
214.0,3.6,2,3
639.0,2.5,2,8
279.0,5.0,3,7
245.0,4.4,58,9
289.0,4.2,32,2
413.0,4.1,11,3
450.0,3.5,9,8
399.0,4.7,27,3
1098.0,4.3,5,2
354.0,4.3,19,2
414.0,5.0,1,3
1700.0,4.1,12,4
473.0,4.1,20,8
391.23,4.7,50,3
705.41,5.0,1,9
425.0,4.8,7,0
664.0,5.0,1,3
224.25,4.0,3,6
311.0,4.6,33,5
177.0,3.0,1,7
559.0,3.8,37,6
374.0,4.6,33,3
335.0,4.3,40,8
606.0,4.3,15,1
1133.0,4.5,4,10
57.0,3.8,102,7
478.79,5.0,2,5
779.0,3.9,9,3
407.0,3.2,4,3
295.0,5.0,2,0
155.0,3.8,42,2
799.0,3.8,7,4
372.0,4.2,20,2
131.0,4.2,76,2
385.0,4.5,16,0
113.0,4.3,42,7
185.0,4.9,17,2
98.0,4.6,101,5
299.0,5.0,1,9
79.0,4.7,20,7
203.0,4.7,27,0
599.0,4.0,48,7
1150.0,5.0,3,9
259.0,4.4,8,5
1493.0,4.7,4,10
474.0,5.0,3,6
284.0,4.4,74,5
516.68,4.6,85,2
695.0,4.3,65,8
235.0,4.2,23,5
1499.0,5.0,1,0
339.0,4.2,9,0
146.0,4.0,3,10
1331.0,4.9,13,6
599.0,4.6,6,6
712.0,4.2,4,1
193.0,5.0,1,7
139.0,4.2,70,9
401.0,3.8,74,7
911.0,3.9,7,1
479.0,5.0,2,9
449.0,5.0,2,10
219.0,3.3,3,9
498.9,5.0,1,0
359.0,3.7,4,5
517.0,4.6,6,3
395.0,3.9,19,9
309.91,4.4,9,6
330.0,5.0,2,3
1036.0,4.6,16,3
427.27,4.5,2,10
440.0,4.1,13,8
299.0,4.3,6,2
423.0,5.0,8,0
659.0,4.4,12,1
125.0,3.5,106,7
295.0,4.8,6,7
661.0,5.0,1,3
166.0,3.2,74,8
1607.0,5.0,1,6
88.0,4.8,6,9
481.61,4.8,21,7
295.0,4.1,29,8
358.0,4.3,9,5
189.0,1.0,1,7
4854.39,4.3,11,4
334.0,4.6,3,0
225.0,4.0,1,0
228.0,4.1,76,7
370.66,4.2,3,8
610.0,4.8,28,2
595.0,2.8,2,2
248.0,4.4,146,7
415.0,4.0,7,1
328.0,4.4,62,8
2339.0,4.0,1,7
799.0,5.0,3,4
239.0,4.0,5,3
449.0,3.7,6,3
1084.78,4.0,1,1
238.0,4.3,922,2
218.0,4.1,31,5
221.0,4.2,11,7
410.0,4.0,1,6
538.0,5.0,1,0
273.0,3.8,30,9
348.0,1.0,1,4
536.0,4.7,4,5
1033.0,5.0,3,0
398.9,3.9,8,0
179.0,4.8,38,8
1686.0,3.0,1,6
214.0,4.9,13,6
205.0,4.2,4,3
289.0,4.1,5,3
359.0,3.8,22,5
183.0,5.0,1,9
239.0,3.5,63,2
1113.0,4.7,4,6
538.26,5.0,1,7
719.0,4.0,23,3
639.0,3.3,12,2
293.0,3.1,2,0
374.25,4.6,49,2
179.0,4.0,9,5
180.0,5.0,1,7
1321.0,5.0,1,9
311.0,3.9,30,2
251.0,4.5,11,2
360.0,4.6,3,3
207.0,3.8,6,9
332.0,4.4,8,0
416.0,5.0,1,0
490.0,4.4,42,8
299.0,5.0,1,9
457.0,4.5,13,5
656.0,3.8,6,9
455.0,4.1,19,0
1059.0,5.0,4,7
598.88,5.0,1,6
142.0,5.0,1,0
1776.0,5.0,1,4
450.0,5.0,2,3
399.0,4.7,8,3
416.0,5.0,2,2
170.0,2.8,4,3
511.0,4.6,75,2
367.0,4.0,1,9
128.0,3.1,2,3
160.0,4.3,13,7
248.0,3.7,12,7
134.0,4.0,3,6
650.0,3.8,4,3
869.24,5.0,1,1
359.0,4.6,177,0
273.0,4.5,32,8
920.0,3.0,1,4
202.0,3.5,4,9
340.0,4.7,138,5
319.0,5.0,7,9
712.0,4.5,55,4
194.0,4.6,2,4
451.0,5.0,6,3
280.0,4.1,7,4
390.0,5.0,5,3
2774.0,3.9,2,3
120.0,4.5,2,9
749.16,4.0,2,1
448.0,4.0,1,9
369.0,3.9,52,5
169.0,4.5,2,5
295.0,4.0,1,10
98.0,4.2,164,9
221.0,4.5,28,2
311.0,3.3,23,5
399.0,5.0,1,0
339.0,4.1,5,8
478.1,5.0,5,4
295.0,5.0,1,8
427.0,4.4,97,7
400.44,4.4,9,3
474.0,4.4,19,5
638.0,4.0,1,10
750.0,5.0,1,4
224.0,4.3,257,2
336.0,4.7,207,2
368.0,4.5,48,8
559.0,4.6,3,5
753.0,5.0,1,10
374.07,5.0,1,10
324.0,4.4,5,3
674.0,3.2,3,9
352.36,4.2,16,0
256.0,5.0,7,0
340.0,3.9,11,7
1135.0,5.0,3,7
195.0,5.0,2,10
365.0,3.8,16,7
407.0,4.6,74,0
995.0,4.5,2,10
127.0,4.4,95,2
224.0,4.0,1,9
288.0,1.5,55,2
441.0,4.1,11,4
362.0,5.0,17,10
359.0,4.2,64,7
387.0,3.0,1,5
134.0,4.7,4,5
1331.0,4.9,13,3
239.0,4.4,4,3
405.0,4.4,55,0
269.0,5.0,1,8
280.0,4.5,234,0
355.0,3.6,3,4
319.0,4.5,25,0
275.0,4.3,6,4
1199.0,4.6,3,3
440.0,5.0,1,6
521.0,4.7,7,4
3776.55,5.0,3,10
336.0,4.2,28,5
90.0,3.9,27,1
402.0,4.2,17,7
737.0,5.0,1,10
410.0,4.3,13,4
250.0,3.6,4,6
200.0,4.3,9,2
434.0,3.2,7,4
1049.0,5.0,1,10
405.0,5.0,5,1
1600.0,3.8,3,4
232.81,4.1,9,1
467.0,4.0,8,6
90.0,3.7,14,7
350.0,5.0,3,0
930.0,3.9,10,4
229.0,4.7,56,3
122.0,4.1,196,4
599.0,4.4,6,0
491.18,4.5,2,4
216.0,4.4,82,3
205.0,4.2,19,5
319.0,5.0,8,10
610.0,3.9,3,9
335.0,5.0,4,4
253.69,4.7,4,0
181.0,4.1,1558,2
288.44,4.5,2,8
922.0,4.5,4,3
446.0,4.4,8,0
1828.0,5.0,1,10
263.0,4.8,51,2
348.0,4.4,138,7
482.0,4.3,15,3
106.0,3.9,567,9
367.0,4.0,18,5
435.0,4.0,22,2
299.0,4.3,114,5
449.35,4.1,6,0
449.0,4.1,22,0
1548.0,4.9,19,6
339.0,5.0,1,3
185.0,4.3,11,5
112.0,4.3,31,3
145.0,3.9,55,5
187.5,4.5,70,1
500.0,4.8,31,0
374.0,4.5,8,0
480.32,4.7,10,7
379.0,4.4,60,9
347.0,3.7,74,0
314.0,4.2,37,5
1227.0,1.0,1,1
659.0,4.1,16,1
177.0,4.5,2,7
671.0,4.2,30,1
338.45,4.3,7,9
781.0,3.0,1,1
1499.0,1.0,1,4
449.0,4.6,53,6
453.0,4.5,8,9
338.0,4.4,80,1
1345.0,4.8,6,1
319.0,4.2,5,0
917.0,4.6,15,1
350.0,4.6,7,7
309.0,5.0,1,0
311.0,4.7,5,2
1157.0,5.0,3,10
262.0,4.6,7,0
336.0,4.5,303,2
150.0,4.2,73,9
535.0,4.0,1,7
290.0,3.7,11,6
560.0,3.3,3,0
135.0,4.3,4,2
383.0,3.6,22,5
275.0,3.9,66,5
320.0,5.0,1,6
800.0,4.0,1,10
332.0,3.6,9,9
749.0,4.9,10,3
169.0,4.0,54,6
276.0,4.2,193,2
595.0,4.5,2,1
599.94,3.7,5,6
549.0,4.6,2,6
371.0,3.8,16,7
218.0,4.2,155,7
68.0,3.1,4,5
560.0,3.3,4,10
200.0,4.0,2,10
433.0,5.0,3,0
240.0,4.5,798,2
284.0,4.0,128,9
748.0,5.0,1,1
375.0,4.1,36,2
44.0,2.5,2,7
449.0,4.6,5,6
1279.0,4.5,4,10
443.0,4.4,87,9
719.0,5.0,2,9
339.0,4.5,2,8
210.0,4.3,49,2
350.0,4.0,1,4
334.0,5.0,5,3
58.0,4.4,7,7
449.14,3.9,3,10
845.0,4.3,6,1
319.0,3.0,1,7
355.0,5.0,6,6
215.0,4.0,2,0
296.0,4.7,90,8
183.0,4.2,33,2
311.0,4.2,9,5
228.0,4.1,15,9
89.0,5.0,1,5
106.0,4.0,286,9
374.0,4.5,18,10
749.25,4.7,8,7
696.0,4.7,5,3
575.0,5.0,5,7
942.88,3.1,2,9
153.0,4.2,97,2
249.0,5.0,2,0
154.0,4.6,161,6
690.0,5.0,1,4
291.0,4.2,16,5
1919.0,4.0,1,9
300.0,4.6,3,9
203.0,4.0,2,0
275.0,5.0,1,0
319.0,2.7,3,9
219.0,4.6,84,0
146.0,3.9,20,8
539.0,5.0,9,1
192.0,5.0,5,6
426.0,5.0,1,7
249.0,5.0,4,0
483.0,4.9,10,4
415.0,4.1,4,7
400.0,4.1,55,0
367.0,2.9,2,9
1064.0,4.8,7,10
468.0,5.0,3,0
583.0,5.0,4,2
1766.0,4.7,3,1
276.0,4.2,63,10
199.0,2.7,2,0
247.0,4.4,8,0
556.0,5.0,2,9
899.0,5.0,1,6
449.0,3.6,4,10
160.0,4.1,108,7
2033.0,4.0,13,1
720.0,4.5,2,10
149.0,3.9,240,9
375.0,4.5,2,6
111.0,4.0,565,7
414.0,4.7,4,9
699.0,5.0,3,3
336.0,3.5,10,9
1200.0,4.8,5,7
850.0,4.0,2,0
95.0,5.0,1,10
552.0,5.0,3,4
156.0,4.2,137,0
100.0,5.0,5,7
917.0,5.0,1,6
435.0,3.5,2,0
543.0,4.6,5,0
371.0,5.0,1,10
299.0,3.6,21,5
247.0,4.6,5,9
2738.0,5.0,2,3
270.0,4.2,3,0
260.0,4.0,5,0
13244.67,4.0,1,8
2056.0,3.8,9,10
224.0,3.9,12,1
338.0,4.6,2,10
227.0,4.2,99,2
349.0,4.0,1,0
921.0,2.9,10,7
399.0,5.0,1,1
243.0,4.2,20,6
2798.0,4.3,26,4
682.0,3.0,1,1
1899.0,3.4,3,3
299.0,4.5,17,0
130.0,3.5,2,7
224.0,3.3,4,8
1846.0,5.0,2,6
311.0,4.0,37,5
199.0,5.0,1,5
625.0,4.6,3,4
350.0,3.0,1,4
235.0,4.4,403,5
137.0,5.0,1,7
243.0,4.2,38,2
599.0,5.0,1,3
999.0,5.0,1,6
239.0,4.0,4,7
836.0,5.0,1,6
325.93,4.7,277,0
214.0,4.7,15,9
299.0,4.2,6,9
293.0,5.0,2,5
253.0,4.4,8,9
689.0,4.0,2,1
361.0,4.6,3,9
1252.0,5.0,1,1
346.0,4.6,16,2
1285.0,5.0,2,4
169.0,4.4,95,2
748.0,3.5,2,3
365.0,4.1,5,0
429.0,5.0,3,7
359.0,5.0,3,10
1230.0,4.4,28,1
600.0,4.0,2,3
287.0,3.8,20,6
256.7,5.0,9,6
593.0,3.5,2,6
147.0,4.4,902,8
50.0,3.8,52,9
4292.0,4.5,5,4
187.0,4.6,9,9
552.21,5.0,1,1
198.0,1.0,1,5
996.0,4.4,3,6
399.0,4.1,7,3
244.0,3.4,19,5
592.0,4.6,6,2
195.0,4.0,1,0
600.0,5.0,2,1
582.0,4.4,59,1
801.0,4.5,8,3
200.0,4.7,5,9
525.0,3.1,13,8
311.0,4.0,1,2
258.0,5.0,2,0
374.0,5.0,1,0
726.0,4.5,2,4
256.0,5.0,7,8
332.0,3.4,5,0
1954.0,4.7,11,3
437.0,3.9,47,2
98.0,4.6,101,9
449.0,4.0,1,0
589.0,4.2,25,4
131.35,5.0,4,6
1141.0,5.0,2,10
94.0,4.4,861,8
373.0,3.7,22,2
348.91,4.7,7,1
247.0,4.3,19,5
263.0,4.4,67,5
400.0,4.8,25,2
380.0,4.5,815,7
340.0,3.4,4,6
239.0,1.5,2,5
395.0,4.2,17,10
445.0,3.0,1,3
455.0,4.1,19,3
514.0,4.2,3,0
161.0,4.3,12,2
235.0,4.6,13,5
243.0,4.1,14,7
449.0,4.5,39,1
85.0,3.0,1,7
224.0,4.3,13,5
165.0,4.1,10,6
856.0,4.5,13,10
300.0,3.9,20,7
4427.99,5.0,3,1
176.0,5.0,1,3
543.0,4.7,4,7
796.0,5.0,1,5
224.0,3.5,5,2
1807.0,5.0,1,4
698.0,5.0,2,1
259.0,2.0,1,9
60.0,4.2,13,7
878.0,4.6,11,0
176.0,4.5,5,7
356.0,4.6,87,3
92.0,3.1,2,7
362.0,5.0,1,0
185.0,3.5,4,5
550.0,3.1,4,7
649.0,5.0,5,2
850.0,3.5,8,10
261.0,2.0,1,8
99.0,4.0,1,7
499.0,4.4,9,9
549.0,4.0,2,0
250.0,5.0,1,5
169.0,3.6,19,4
689.0,4.9,12,1
252.0,4.4,30,1
274.0,4.1,108,5
100.0,3.1,7,10
274.0,4.7,11,2
346.0,4.8,6,1
325.0,3.5,2,3
629.0,5.0,4,2
793.0,5.0,2,10
3749.0,5.0,1,4
370.44,5.0,2,2
850.0,3.6,19,3
359.0,4.2,26,1
119.0,3.9,19,0
57.0,4.6,8,7
299.0,4.6,227,2
319.0,1.0,1,10
354.0,4.5,8,1
228.0,4.3,13,10
530.44,2.6,3,0
238.0,4.4,9,9
195.0,3.5,39,7
226.0,5.0,2,10
448.0,4.7,4,5
508.0,4.7,13,10
309.0,4.3,23,10
130.0,4.4,26,1
322.0,4.6,35,2
163.0,3.4,17,5
245.0,4.2,119,9
536.0,4.8,9,6
448.0,3.1,4,9
248.0,4.2,3,2
265.0,3.2,7,1
166.0,4.2,14,5
261.0,3.9,53,5
210.0,4.3,31,2
1199.0,5.0,2,9
680.0,5.0,1,4
929.0,5.0,1,1
339.0,5.0,1,0
360.03,3.8,19,5
723.0,4.0,6,6
773.47,5.0,2,8
125.0,2.9,6,7
302.36,4.5,95,0
185.0,4.3,16,5
620.44,4.7,4,10
323.0,4.3,4,10
322.0,3.3,7,5
369.0,4.0,50,0
507.0,4.3,13,0
375.0,5.0,1,5
291.0,4.3,7,10
345.0,5.0,1,6
244.0,4.9,9,5
345.0,4.1,13,3
263.0,4.6,75,2
222.0,3.1,2,9
400.0,4.5,474,5
330.0,3.0,1,5
170.0,4.0,1,9
52.0,3.6,49,7
499.0,4.5,19,2
248.0,5.0,2,5
950.0,4.6,11,4
275.0,3.1,9,4
336.0,5.0,2,0
174.19,3.9,76,0
263.0,4.5,37,1
407.0,4.4,62,2
319.0,3.8,22,0
169.0,4.3,11,1
493.0,4.4,10,8
31.0,3.7,46,2
324.91,4.0,7,9
594.0,5.0,3,7
114.0,3.7,24,7
118.0,3.6,102,2
228.0,2.9,2,6
243.0,3.9,34,2
185.0,4.6,33,0
1168.0,4.5,2,10
286.0,4.6,2,7
379.0,4.1,10,2
299.0,4.2,20,2
245.0,4.7,32,2
699.0,4.1,31,7
1450.0,4.2,15,4
599.0,5.0,7,6
359.0,5.0,3,2
618.0,5.0,3,0
1013.0,5.0,1,10
247.0,4.4,32,10
405.0,4.3,69,2
262.0,4.8,12,7
178.0,5.0,2,2
893.0,3.5,2,0
660.0,4.0,2,0
536.0,5.0,5,2
254.01,5.0,3,0
399.0,1.0,2,5
719.0,4.0,1,3
309.0,4.7,28,1
800.0,4.2,22,4
190.0,4.7,11,6
105.0,4.0,2,9
749.0,5.0,1,8
327.0,4.6,10,10
1244.0,5.0,1,6
700.0,4.5,8,4
245.0,4.1,10,0
425.0,4.1,4,0
299.0,3.0,2,5
1500.0,2.5,2,4
850.0,5.0,1,3
420.0,3.8,40,8
248.0,3.6,18,5
399.0,4.3,20,5
229.0,3.8,24,9
526.0,4.5,7,7
598.0,4.7,9,2
1756.0,4.8,6,4
516.68,4.6,6,8
260.0,4.6,6,9
339.0,4.8,5,5
344.0,4.4,15,1
291.0,4.2,16,0
524.0,5.0,5,3
299.0,4.3,3,0
218.0,5.0,1,0
125.0,4.0,2,9
385.0,4.4,4,3
350.0,5.0,5,2
237.0,4.6,10,7
111.0,5.0,1,3
186.0,4.7,13,9
779.0,4.5,10,8
402.0,4.3,37,7
888.0,4.4,2,8
205.0,4.6,6,0
419.0,3.7,62,0
449.25,4.5,8,2
355.0,3.9,45,1
199.0,4.1,31,9
1588.0,5.0,1,6
349.0,5.0,4,3
799.0,3.9,6,6
354.0,4.3,19,1
394.0,5.0,5,1
64.0,5.0,1,9
455.24,4.7,16,3
650.0,4.1,2,0
228.0,3.8,23,4
782.0,3.7,4,3
450.0,4.7,3,7
175.0,3.6,30,2
526.0,4.7,11,10
479.0,3.7,4,5
675.8,4.5,2,3
495.0,3.0,1,7
217.0,3.1,2,0
319.0,4.1,9,6
375.19,3.2,13,7
1332.25,5.0,2,4
779.0,4.5,10,2
389.0,4.0,1,6
270.0,5.0,3,7
435.0,5.0,1,6
580.0,3.8,9,9
450.0,5.0,2,1
398.0,3.9,6,6
323.52,4.6,3,1
282.36,4.7,8,5
2641.0,3.0,6,4
393.0,4.5,21,7
328.0,5.0,4,5
1424.0,5.0,1,3
248.0,5.0,1,9
459.0,3.9,27,4
179.0,4.2,11,3
779.0,5.0,2,1
1900.0,3.9,5,4
599.0,3.7,4,4
639.0,4.5,2,6
372.0,3.8,8,5
259.0,3.2,56,6
190.0,4.1,2,9
449.0,3.7,3,0
339.0,4.0,9,5
674.0,3.9,3,7
390.0,3.7,69,10
440.0,4.6,16,2
1058.0,3.6,6,4
213.0,4.5,247,2
850.0,4.4,4,5
188.0,4.4,17,2
1159.0,4.5,2,10
1359.0,4.5,8,3
398.78,5.0,1,0
1450.0,4.5,2,4
544.0,5.0,2,1
30.0,3.8,7,7
319.0,4.6,17,8
1022.0,5.0,2,1
299.0,3.7,5,0
1285.0,5.0,4,10
319.0,4.0,18,0
358.0,3.9,6,1
825.0,5.0,1,3
600.0,5.0,2,1
323.9,4.6,3,3
299.0,4.3,23,5
449.0,3.7,12,7
479.0,5.0,2,2
599.0,4.9,10,10
1079.0,4.5,12,3
235.0,4.8,13,2
219.0,4.3,414,7
386.0,5.0,1,5
323.52,4.5,21,10
336.0,4.0,18,0
448.0,3.4,9,7
434.0,4.0,2,10
511.17,4.7,51,6
277.0,5.0,1,0
310.0,4.3,86,2
549.88,5.0,1,10
179.0,3.9,5,0
1545.0,4.0,2,4
335.0,3.5,8,9
311.22,4.0,1,7
479.0,5.0,1,3
359.0,4.7,7,5
503.0,4.3,3,0
387.0,4.4,3,0
205.0,2.7,3,5
185.0,3.5,4,9
299.0,3.0,1,9
809.0,3.8,6,7
868.0,5.0,1,4
450.0,3.8,9,3
102.0,4.4,432,9
488.0,5.0,3,0
87.0,4.7,1142,9
463.0,5.0,1,1
216.42,5.0,1,5
200.0,4.5,38,6
443.0,4.7,54,6
190.0,4.4,10,6
222.0,5.0,2,5
121.0,4.4,168,5
147.0,4.6,64,7
693.0,4.0,1,6
371.0,4.4,5,3
449.0,3.6,382,0
202.0,4.4,3,9
335.0,2.9,2,5
615.0,4.4,79,7
258.0,4.0,171,0
376.0,4.1,62,5
299.52,4.6,3,0
1490.0,1.0,1,6
461.0,3.5,8,2
325.0,4.2,23,7
399.0,4.7,25,0
333.0,4.0,33,9
1221.0,5.0,1,3
409.0,5.0,1,1
1399.0,4.6,6,6
336.0,4.0,3,9
370.0,2.9,3,9
825.0,5.0,8,3
113.0,4.4,4,5
848.44,4.6,32,4
250.0,2.9,6,2
772.0,4.8,8,3
333.0,4.4,7,0
899.0,3.6,29,6
309.0,4.5,141,0
479.0,3.9,14,7
799.0,5.0,1,3
149.0,4.5,24,1
364.0,4.1,13,8
100.0,3.4,14,5
4370.31,3.0,1,8
419.0,2.5,2,0
409.0,4.1,9,5
247.0,3.0,19,9
1419.0,5.0,1,6
420.0,4.1,37,8
374.25,4.3,10,2
370.0,5.0,2,9
637.0,3.1,5,1
307.0,3.0,1,9
2080.0,4.8,6,1
1428.0,4.9,16,4
799.0,3.8,5,3
372.0,3.8,8,9
370.0,4.7,31,2
156.0,4.6,3,2
349.0,3.6,3,10
479.0,4.5,10,9
200.0,4.0,2,0
799.0,4.0,11,4
338.45,4.2,8,5
637.0,5.0,2,0
853.0,4.7,7,6
335.0,4.6,25,2
899.0,4.7,7,3
1394.0,3.4,6,4
344.0,3.0,1,5
818.0,5.0,2,1
553.0,4.8,15,9
160.0,4.4,3,7
250.0,4.0,220,3
384.0,3.6,4,5
875.0,4.9,15,1
451.0,4.5,2,7
379.0,4.5,15,2
175.0,4.7,16,9
499.0,4.4,7,5
175.0,4.1,10,7
360.0,4.3,38,2
1134.0,5.0,4,4
262.0,4.4,12,5
599.0,4.4,6,4
367.0,4.6,3,5
555.0,5.0,2,7
70.0,3.9,6,1
359.0,4.1,40,5
323.52,3.4,3,5
400.0,4.6,7,10
625.0,3.5,9,4
359.0,4.1,8,7
349.0,4.2,8,8
514.0,4.2,3,5
420.0,4.4,3,5
316.0,4.5,732,2
704.0,5.0,1,3
299.0,4.4,75,8
441.0,5.0,1,0
575.0,3.7,12,8
488.0,1.0,1,0
199.0,3.5,6,5
344.0,4.2,9,9
885.91,4.0,1,6
427.0,4.1,2048,0
70.0,3.9,10,1
405.0,4.6,26,2
299.0,5.0,3,9
1475.0,5.0,3,4
378.0,5.0,1,2
418.0,4.0,27,1
901.0,4.8,11,7
305.0,4.5,7,1
5064.0,4.6,2,7
274.0,5.0,1,0
122.0,4.5,1097,2
247.0,4.5,8,9
1800.0,5.0,4,1
399.0,5.0,3,10
768.0,4.5,4,9
569.0,3.0,2,10
355.0,5.0,1,4
359.0,4.4,26,9
395.1,5.0,2,3
334.0,5.0,3,8
390.0,3.0,1,4
1040.0,3.5,2,6
115.0,3.1,4,3
1204.0,3.5,4,10
390.0,4.6,226,9
181.0,5.0,1,7
224.0,4.5,4,5
427.0,3.6,14,3
816.0,4.3,32,7
740.44,5.0,1,7
275.0,3.6,11,0
1171.0,4.8,7,10
1595.0,5.0,1,7
400.0,3.4,3,7
486.0,3.0,1,6
514.0,4.7,8,7
299.0,3.9,12,7
261.0,4.4,46,5
3528.0,5.0,3,7
189.0,3.8,18,5
1147.18,3.0,1,3
178.0,4.2,23,10
591.0,3.9,13,8
3098.0,5.0,1,6
184.0,4.5,649,5
279.0,4.2,9,5
500.0,4.9,10,4
557.0,4.7,10,6
473.0,5.0,1,0
186.0,2.9,2,10
283.0,4.3,12,0
1812.0,5.0,3,3
724.0,5.0,1,0
301.0,4.2,26,0
279.0,4.5,71,5
268.0,2.7,9,7
284.0,4.7,10,2
499.0,4.0,3,6
299.0,4.6,77,0
235.0,4.6,13,7
355.0,4.3,160,8
150.0,3.6,6,10
395.1,2.3,2,1
323.52,4.6,87,5
150.0,5.0,9,9
175.0,5.0,1,0
154.0,3.8,2,5
229.0,3.7,7,9
318.0,5.0,1,8
258.0,5.0,2,10
270.0,4.1,11,10
550.0,4.5,2,1
200.0,4.5,38,0
369.0,4.8,10,2
1402.0,5.0,1,7
334.0,4.0,32,10
637.0,5.0,2,3
559.0,4.0,22,2
2559.0,5.0,1,4
1299.0,3.5,6,4
705.0,4.2,3,8
195.0,4.0,2,5
820.0,4.0,1,1
1399.0,3.9,6,5
324.0,4.6,39,2
2500.0,2.0,1,1
717.0,4.6,3,9
526.04,5.0,2,1
308.0,5.0,2,2
1178.0,5.0,1,1
849.0,4.5,10,1
255.0,3.5,11,5
377.0,4.3,111,8
200.0,4.3,14,0
927.0,5.0,3,10
214.0,4.5,140,2
150.0,4.5,37,9
425.0,4.7,5,6
894.0,5.0,1,5
889.0,3.5,6,10
31.0,4.1,4,2
309.0,5.0,2,3
258.0,4.0,171,9
185.0,4.1,25,5
548.0,4.1,27,8
224.0,3.9,24,2
1010.0,3.1,2,8
499.0,4.0,2,7
56.0,4.5,55,3
149.0,5.0,1,8
779.0,3.1,6,3
371.0,4.7,4,3
1323.0,5.0,2,3
271.0,4.8,19,0
336.0,1.0,1,10
220.0,4.0,14,5
299.0,4.5,2081,2
280.0,5.0,1,3
335.0,3.6,38,7
295.0,4.2,11,0
323.52,5.0,1,9
416.0,5.0,1,6
102.0,4.4,432,5
944.0,4.5,2,6
523.0,4.3,13,5
468.0,5.0,1,8
599.44,4.7,8,6
482.0,4.7,4,5
342.0,4.1,16,2
309.0,5.0,2,2
1155.0,4.6,2,10
199.0,3.9,76,5
200.0,4.3,24,7
66.0,4.3,405,0
851.0,4.5,2,1
207.0,4.3,66,9
37.0,3.0,1,9
342.0,4.4,8,6
245.0,5.0,1,7
661.0,5.0,2,0
498.0,4.0,2,3
720.0,4.8,13,6
195.0,4.5,3,6
344.0,4.0,1,10
449.0,4.4,57,3
974.0,4.1,7,3
2370.19,5.0,1,10
159.0,4.4,121,9
712.0,4.8,9,3
113.0,4.0,1,7
178.0,4.2,15,0
153.0,4.1,44,2
1199.0,5.0,1,4
1658.0,4.7,56,1
323.52,3.1,13,0
2176.0,5.0,4,10
354.0,5.0,10,3
1780.0,4.3,10,4
504.48,4.0,2,6
398.0,5.0,10,0
299.0,4.8,6,7
1635.0,4.0,21,5
769.0,5.0,1,0
248.0,4.2,80,4
1199.0,4.0,3,3
986.0,4.5,4,1
179.07,5.0,2,6
344.0,3.7,5,7
449.0,5.0,1,8
408.0,3.7,7,4
423.24,4.7,7,0
632.15,3.9,15,4
256.0,4.2,7,5
349.0,4.0,5,0
287.0,4.5,77,10
70.0,4.7,30,3
244.0,3.9,60,0
261.0,3.9,53,2
300.0,5.0,1,1
779.0,5.0,2,8
149.0,4.6,3,0
985.0,5.0,1,10
168.0,3.8,8,5
401.0,3.8,74,8
483.0,4.0,2,2
820.0,3.0,2,3
375.0,3.7,5,10
452.0,4.3,88,5
497.56,4.4,10,1
310.0,4.7,7,4
244.0,4.1,13,9
440.0,4.9,18,4
749.0,5.0,1,1
428.0,5.0,2,4
559.0,3.3,2,4
374.0,4.3,19,3
594.0,5.0,3,5
3980.0,3.8,18,4
1262.0,5.0,1,10
364.0,5.0,1,0
120.0,4.7,4,7
311.0,4.2,21,2
100.0,5.0,1,5
165.0,4.8,8,2
859.0,4.0,36,3
541.0,4.0,4,6
399.0,5.0,1,9
479.0,3.0,1,5
215.0,2.0,1,9
838.0,5.0,1,3
205.0,3.0,342,2
230.0,4.2,190,9
821.0,5.0,5,5
449.99,4.5,2,6
1043.0,5.0,2,0
241.9,4.4,15,10
344.0,3.0,1,6
463.0,4.3,33,1
295.0,3.6,7,2
48.0,3.8,83,7
946.0,4.4,3,10
719.0,4.2,21,3
589.0,5.0,1,6
240.0,5.0,1,9
220.0,4.0,7,0
184.0,5.0,1,1
1254.0,4.0,1,10
530.0,5.0,6,0
211.0,4.4,5,0
243.0,3.9,49,0
661.0,4.1,2,3
523.0,4.5,2,6
646.0,4.7,6,1
239.0,4.1,3,3
700.44,4.9,15,10
284.0,2.9,2,5
999.99,5.0,1,8
702.0,4.8,7,3
664.0,5.0,3,9
275.0,4.4,15,0
299.0,4.6,45,9
249.0,5.0,4,5
199.0,4.3,250,0
164.0,5.0,1,5
400.0,4.1,30,4
440.0,4.0,4,2
499.0,4.1,18,7
418.0,3.0,1,3
569.0,4.7,3,9
399.0,4.1,29,7
1119.0,4.8,5,4
335.0,4.4,217,4
550.0,4.8,10,3
339.0,4.2,29,0
437.0,4.5,22,2
338.0,4.0,17,2
190.0,4.3,30,5
234.0,4.4,20,2
601.0,3.3,3,1
302.36,4.4,27,9
299.0,2.0,2,4
209.0,4.6,7,0
99.0,4.3,23,0
238.0,4.5,115,4
240.0,4.5,5,0
399.0,4.7,16,0
341.0,4.4,33,2
1400.0,4.5,74,0
299.0,4.5,12,5
175.0,5.0,1,0
830.0,4.4,20,1
730.0,3.7,4,3
150.0,4.2,89,5
380.0,5.0,2,3
156.0,4.0,11,0
709.0,4.0,1,10
399.0,4.6,26,2
652.73,5.0,1,1
319.0,5.0,12,2
599.0,4.6,70,6
150.0,3.0,70,2
68.0,2.9,4,5
224.0,4.4,18,5
335.0,4.5,119,5
271.0,3.1,8,9
137.0,4.3,5,0
482.0,4.0,9,3
220.0,3.9,58,1
764.0,4.8,13,6
413.0,4.2,25,9
399.0,4.4,16,0
250.0,4.3,21,9
379.0,4.8,10,10
299.0,5.0,2,6
2100.0,4.9,12,1
779.0,4.8,9,3
319.0,4.5,95,0
298.82,5.0,3,9
199.0,4.2,26,0
354.0,4.0,5,3
907.0,3.5,2,1
2900.0,4.5,2,10
449.0,4.2,35,5
972.0,5.0,15,9
477.0,3.0,1,6
133.0,3.7,224,0
551.0,5.0,1,1
427.0,3.5,2,7
395.0,2.0,1,5
180.0,4.1,22,2
341.0,4.7,52,2
100.0,5.0,2,9
471.0,3.0,2,4
435.0,4.3,43,7
759.0,5.0,1,7
443.0,4.8,136,3
470.44,4.3,74,7
272.0,4.5,230,2
275.0,4.0,1,0
499.0,4.0,1,9
1800.0,1.0,2,7
677.0,4.0,2,1
235.0,4.3,26,10
224.0,4.3,79,5
549.0,4.4,283,1
488.0,5.0,3,4
631.0,4.0,39,3
140.0,4.2,90,5
413.0,5.0,1,7
366.0,4.4,93,8
591.0,3.9,12,2
1119.0,4.0,184,7
2679.0,5.0,1,4
5058.0,5.0,4,4
263.0,5.0,1,9
299.0,4.0,5,0
149.0,3.7,224,0
498.95,4.8,7,3
295.0,4.2,10,9
429.0,3.8,4,10
371.25,4.1,11,7
525.0,5.0,2,8
221.0,3.7,29,5
399.0,4.6,3,10
40.0,4.5,9,7
298.0,3.8,57,4
360.0,2.0,1,8
282.0,4.4,19,2
221.0,4.1,4,7
260.0,4.7,4,3
370.0,3.2,22,7
599.0,4.4,22,4
247.0,2.0,1,5
331.0,4.3,5,6
557.0,4.7,10,10
223.0,4.1,49,9
712.0,5.0,2,3
185.0,4.5,16,7
360.03,4.0,1,0
563.45,1.0,1,6
334.0,3.1,2,10
295.0,4.6,34,5
1066.0,5.0,1,1
319.0,3.7,17,9
206.0,4.5,186,9
272.0,3.8,9,0
624.0,5.0,3,2
567.0,4.1,9,1
233.0,3.6,13,9
239.0,4.0,2,5
1267.0,3.6,35,8
382.0,4.2,33,5
115.0,3.5,8,3
350.0,4.5,45,0
427.0,4.5,48,0
817.0,5.0,1,8
923.0,4.5,25,1
718.0,5.0,1,8
358.0,3.8,9,8
389.0,4.4,110,3
356.0,4.4,8,3
117.0,3.4,26,9
170.0,4.6,161,9
116.0,4.4,187,5
450.0,1.0,1,4
235.0,4.3,839,9
369.0,4.2,79,3
265.0,3.4,8,4
4936.0,1.0,1,10
239.0,5.0,1,5
299.0,4.0,81,2
553.0,3.5,2,1
449.0,5.0,4,6
499.0,5.0,2,1
364.0,4.4,3,1
100.0,5.0,5,7
339.0,4.0,2,0
295.0,3.9,41,5
271.0,4.0,24,2
248.0,4.5,4,0
991.0,3.8,4,9
1839.0,5.0,2,4
299.0,4.1,56,3
399.0,5.0,1,3
378.0,4.0,17,0
163.0,5.0,3,6
966.0,4.0,2,2
759.0,4.2,64,1
409.0,4.8,6,6
298.0,4.4,27,0
423.24,4.7,20,5
370.0,4.2,4,9
1579.0,4.8,5,1
2248.0,5.0,1,4
620.0,4.8,13,7
187.0,1.0,1,6
600.0,4.6,3,4
210.0,4.6,98,10
199.0,4.0,1,6
3636.0,4.4,12,6
2406.0,5.0,1,10
176.0,4.2,59,4
799.0,4.5,2,6
209.0,4.6,107,2
550.0,4.2,5,6
452.69,4.5,8,0
230.0,3.5,12,0
1205.0,5.0,1,1
150.0,5.0,2,9
959.0,5.0,1,1
809.0,5.0,1,6
302.0,4.1,3,5
682.0,4.5,2,9
383.0,3.7,24,4
236.0,5.0,6,10
551.0,4.2,27,5
342.0,5.0,1,7
383.0,3.9,2,0
336.0,3.7,15,9
3921.0,5.0,1,10
301.0,4.3,6,5
397.44,5.0,1,6
449.0,5.0,1,9
383.0,3.8,5,0
150.0,4.4,29,9
224.0,3.8,4,0
175.0,5.0,2,0
295.0,4.1,37,0
325.0,3.1,3,4
449.0,3.7,18,7
625.0,4.5,4,4
443.0,4.3,15,0
150.0,5.0,1,5
527.0,4.0,5,6
348.0,4.0,1,3
189.0,4.5,2,5
290.0,5.0,1,0
497.44,4.3,7,4
235.0,4.2,23,0
179.0,4.6,8,2
409.0,4.1,41,1
2075.0,5.0,5,6
379.0,4.6,69,2
110.0,4.5,355,9
480.0,3.7,3,7
373.0,4.5,2,4
399.0,4.9,11,9
325.0,3.6,6,9
845.0,5.0,8,6
479.0,3.0,2,5
243.0,4.5,2,6
124.7,3.3,8,5
225.0,5.0,1,1
319.0,4.0,23,0
214.0,3.0,6,8
536.0,5.0,5,8
169.0,4.5,2,10
939.0,4.0,2,5
184.0,4.3,12,5
243.0,4.1,69,9
350.0,4.5,2084,10
1156.04,5.0,2,1
895.0,4.5,2,4
298.0,4.8,8,2
1344.0,5.0,3,10
313.0,3.4,98,5
1900.0,4.5,22,4
410.0,5.0,1,8
319.0,4.4,116,5
248.0,4.0,7,9
187.5,3.3,23,9
900.0,5.0,1,6
594.0,5.0,3,3
89.0,3.6,28,9
94.0,4.5,862,0
274.0,4.5,40,2
348.0,4.2,5,4
1334.0,2.0,2,10
248.0,4.6,3,0
449.0,1.0,1,9
304.0,4.5,42,3
218.0,4.0,370,2
325.0,3.6,44,0
543.0,3.7,35,4
147.0,4.0,13,9
782.0,3.1,5,1
639.0,4.7,5,7
120.0,4.0,71,9
299.0,4.5,22,2
183.0,4.8,19,2
295.0,3.6,8,6
239.0,4.3,21,5
84.0,4.1,2,9
195.0,4.5,12,5
402.0,4.5,38,8
529.0,4.4,12,2
159.9,4.5,52,1
274.0,4.2,19,1
224.0,4.4,3,0
971.0,4.5,2,0
320.0,4.6,92,4
349.0,4.7,41,3
379.0,4.8,6,6
577.0,5.0,1,4
99.0,4.4,6090,7
261.0,2.7,12,8
481.61,3.7,4,2
229.0,3.5,6,7
603.0,4.2,31,4
445.1,5.0,1,5
299.0,4.3,4,0
295.0,4.5,215,5
359.0,5.0,1,8
374.0,4.6,3,1
359.0,3.8,5,0
823.03,4.8,7,3
403.0,4.7,893,2
322.0,3.0,1,6
279.0,4.2,9,0
233.0,4.6,33,6
311.0,4.5,6,9
799.0,4.7,14,3
390.0,2.0,2,6
104.0,3.9,261,5
360.0,4.4,20,5
258.0,3.8,129,7
1072.0,5.0,1,1
61.0,4.8,9,7
449.25,4.3,15,0
775.31,3.5,9,3
399.0,4.2,18,7
358.0,4.3,5,0
169.0,4.7,25,1
349.0,3.9,74,2
98.0,5.0,4,7
380.0,4.0,1,0
489.0,5.0,1,0
270.0,4.6,6,8
413.0,4.5,2,9
285.0,4.3,69,7
350.0,4.3,3,5
300.0,3.2,10,7
3321.0,4.7,5,1
125.0,3.4,31,1
991.0,4.4,11,7
245.0,4.1,11,7
262.5,5.0,3,0
239.0,4.2,16,5
1706.89,5.0,1,4
216.0,4.2,36,2
517.0,4.8,15,10
430.0,5.0,3,7
387.0,5.0,3,5
599.0,4.0,1,10
154.0,5.0,4,5
128.0,4.0,113,5
836.0,4.7,16,5
362.0,4.0,2,0
937.0,4.5,10,1
372.0,3.0,1,9
340.0,3.3,3,4
479.0,4.3,15,2
258.0,4.1,9,7
4224.0,4.0,1,9
309.0,4.8,12,5
1972.0,5.0,1,1
571.0,4.8,11,9
903.0,3.7,22,5
357.0,5.0,1,7
94.0,4.1,7,2
244.0,4.1,17,7
535.0,4.4,3,7
635.0,4.0,2,1
540.0,4.6,18,2
202.0,5.0,3,7
1499.0,4.1,18,4
399.0,5.0,4,9
313.0,5.0,1,1
309.0,4.0,4,0
1085.37,4.4,17,9
271.0,4.3,8,6
199.0,4.3,41,9
599.0,3.6,21,1
489.0,3.8,72,8
221.0,5.0,1,3
299.0,2.0,1,10
649.0,5.0,1,8
900.0,4.2,14,4
279.0,4.0,8,2
193.0,3.2,7,5
2670.0,5.0,4,1
425.0,4.0,2,8
125.0,4.1,18,7
243.0,4.6,206,5
205.0,4.5,6,5
1173.0,4.5,2,10
894.0,4.2,5,7
760.44,5.0,4,10
601.0,4.6,16,6
280.0,5.0,1,6
407.0,4.6,74,4
540.0,4.2,54,8
342.0,5.0,2,4
886.0,5.0,2,5
464.0,4.7,5,2
98.0,4.6,39,9
279.0,4.3,28,5
659.0,4.2,9,6
311.0,4.2,41,9
195.0,4.3,50,3
967.0,4.1,5,10
262.0,3.8,5,1
558.0,4.4,23,1
1328.0,4.2,3,7
212.0,4.0,1,0
2559.0,5.0,2,4
247.0,4.3,37,0
719.0,4.5,2,9
224.0,4.5,33,5
233.0,4.1,29,5
218.7,4.5,4,0
645.0,4.8,8,1
325.0,3.7,21,7
799.0,4.5,50,4
200.0,4.6,22,5
170.0,3.7,14,3
119.0,2.0,1,0
300.0,5.0,1,0
843.0,4.5,61,10
150.0,5.0,1,7
3647.0,4.6,52,7
1293.75,4.6,28,1
302.0,5.0,1,8
93.0,3.5,18,7
1468.0,5.0,1,6
166.0,4.1,34,7
864.0,3.0,1,10
379.0,4.1,69,6
498.0,4.3,5,6
678.0,5.0,17,3
451.0,4.5,11,1
190.0,3.8,23,0
224.0,5.0,1,9
309.0,4.3,57,9
141.0,4.3,159,2
306.34,2.7,5,10
739.0,5.0,2,1
340.0,3.3,5,4
410.0,3.9,20,2
600.0,4.3,4,4
224.0,5.0,1,9
585.0,2.3,3,6
359.0,4.0,19,1
479.0,4.2,24,7
367.0,5.0,6,8
243.0,4.5,93,2
1049.0,4.7,5,6
520.0,3.5,2,7
444.0,3.2,5,10
359.0,4.6,14,0
270.0,4.8,19,5
2820.0,5.0,1,3
280.0,3.8,45,4
479.0,4.2,5,0
105.0,4.6,540,9
300.0,5.0,1,0
149.0,5.0,2,5
414.0,4.5,38,0
310.0,4.7,3,5
324.0,4.1,12,2
99.0,4.1,565,2
112.0,1.0,1,7
853.0,3.6,2,3
363.0,4.3,3,1
182.0,3.0,342,8
373.24,4.7,34,0
450.0,3.5,8,1
475.0,4.0,1,9
843.0,5.0,5,9
155.0,4.1,62,5
870.0,5.0,3,4
799.0,4.0,1,10
119.0,4.0,4,9
514.0,5.0,2,10
239.0,3.9,4,3
259.0,4.2,40,5
176.0,4.6,26,3
169.0,5.0,1,7
650.0,5.0,1,6
463.0,3.4,75,2
1204.0,4.6,4,10
304.0,4.7,30,3
416.0,5.0,2,3
399.0,4.2,40,2
759.0,5.0,1,7
363.0,4.7,4,1
250.0,5.0,1,0
366.0,4.2,6,2
960.0,5.0,1,9
310.0,4.5,12,7
664.0,4.4,6,10
373.0,5.0,1,8
353.0,2.5,2,4
28.0,3.1,7,2
584.0,3.0,2,3
481.0,4.6,177,5
354.0,4.0,5,6
551.18,4.7,4,2
221.0,4.5,413,2
561.0,2.5,2,9
1006.0,4.3,8,3
343.0,4.5,11,5
311.0,4.0,2,9
419.0,4.9,52,2
120.0,3.7,43,7
499.0,1.0,1,0
683.83,5.0,1,1
778.0,5.0,1,4
749.0,4.9,10,7
479.0,4.4,5,6
775.0,5.0,1,4
138.0,2.8,4,0
700.0,3.9,2,6
295.0,4.0,1,5
699.0,2.8,3,4
798.0,4.0,2,7
360.0,3.7,4,8
247.0,4.1,23,9
1175.0,3.0,2,9
395.1,4.1,14,10
135.0,5.0,1,0
559.0,4.3,30,8
793.0,4.1,2,8
847.0,5.0,3,7
580.0,4.2,13,10
359.7,4.6,14,5
58.0,3.7,15,7
443.0,5.0,2,8
452.0,4.6,3,8
562.0,5.0,2,6
850.0,5.0,1,10
225.0,3.7,4,4
1150.0,5.0,3,5
199.0,3.6,2,5
443.0,3.6,12,9
1248.0,4.6,3,10
2239.0,3.3,3,4
430.0,4.8,35,2
449.0,4.1,29,3
867.0,5.0,2,8
295.0,4.4,42,5
546.0,5.0,2,3
1061.0,2.0,1,10
196.0,3.0,5,9
69.0,4.2,15,3
402.2,5.0,8,2
471.0,4.5,108,5
262.0,3.0,1,7
354.0,4.7,165,1
280.0,5.0,1,5
359.0,3.4,2,5
459.23,5.0,1,3
399.0,4.0,10,2
798.0,4.0,1,6
450.0,4.0,2,3
479.0,5.0,1,6
739.0,3.2,3,6
309.0,4.1,6,4
364.0,4.6,10,6
1196.0,5.0,2,10
400.0,3.7,4,4
306.0,4.0,6,2
299.0,4.3,3,8
2100.0,4.9,12,7
288.0,4.3,307,5
249.0,4.4,20,2
200.0,4.2,39,0
713.0,4.0,1,5
223.0,5.0,1,9
341.0,4.5,351,8
325.0,4.3,8,3
312.0,4.6,3,2
417.0,4.7,4,6
374.0,3.4,4,0
273.0,4.9,17,1
476.0,4.0,1,10
2484.0,4.7,4,4
152.0,3.9,66,2
360.0,3.5,17,2
352.36,4.7,4,2
1721.0,3.1,7,3
424.0,4.3,30,0
2546.0,4.6,3,7
239.0,4.0,9,7
315.0,4.1,22,9
299.0,4.5,2,1
135.0,4.5,390,5
297.0,4.0,30,10
850.44,3.7,19,6
249.18,3.5,2,10
641.0,4.5,4,0
678.0,4.5,11,10
1498.0,4.5,24,0
307.0,4.6,143,0
356.0,4.7,185,1
996.18,4.4,2,10
297.0,4.0,16,5
499.0,4.3,4,4
190.0,3.6,5,4
324.0,4.1,58,2
200.0,4.1,3,9
307.23,4.7,5,9
221.0,3.5,7,5
278.0,4.3,67,5
250.0,4.5,59,7
805.0,4.6,29,1
509.0,4.0,15,8
926.0,5.0,1,5
280.0,3.8,16,2
260.0,4.4,42,5
421.0,4.5,2,4
310.0,4.8,32,9
365.0,4.5,31,8
681.0,3.0,1,3
242.0,4.8,49,2
64.0,3.7,52,7
1413.86,4.7,4,10
48.0,5.0,1,2
286.0,4.6,3,0
235.0,4.1,8,0
185.0,4.3,42,3
2185.0,5.0,6,1
349.0,4.5,40,0
2721.0,5.0,1,4
279.0,4.4,30,2
320.0,3.5,12,4
408.0,4.1,21,1
698.0,5.0,2,7
399.0,4.8,6,0
380.44,4.4,31,8
403.0,4.2,17,5
498.0,4.8,7,7
147.85,4.6,3,9
341.0,4.6,14,0
603.0,4.3,7,1
222.0,3.5,2,7
937.0,4.0,2,6
499.0,4.2,6,0
125.0,4.0,2,0
710.51,3.5,2,1
115.0,4.1,3,9
299.0,4.3,16,8
632.0,5.0,1,8
188.0,4.5,342,2
1160.0,4.5,6,4
449.0,5.0,1,0
120.0,4.0,64,7
271.0,4.7,11,0
295.0,4.6,34,0
196.0,3.9,9,8
506.0,4.0,1,0
639.0,5.0,1,7
1118.0,5.0,5,3
599.0,4.2,43,4
1889.0,4.6,3,4
264.0,4.0,22,5
134.0,5.0,4,5
290.0,5.0,1,5
1472.0,4.0,1,10
502.41,4.3,4,5
261.0,4.7,72,7
317.0,4.4,27,7
300.0,4.0,36,4
330.0,4.6,18,10
475.0,4.8,79,7
374.0,4.7,16,0
309.0,4.6,3,2
524.0,4.5,2,0
692.23,4.6,5,4
263.0,4.7,282,0
114.0,3.9,9,8
410.0,3.0,1,8
149.0,4.5,22,9
510.0,4.1,33,2
247.0,4.2,10,3
698.93,3.0,1,7
273.0,5.0,1,0
1627.0,5.0,1,4
311.0,5.0,2,7
247.0,4.0,1,0
120.0,5.0,1,9
295.0,3.3,26,2
499.0,5.0,2,7
263.0,4.0,1,3
1313.0,4.0,1,6
378.0,5.0,1,4
74.0,5.0,2,7
222.0,3.4,7,7
386.0,4.6,22,2
352.0,5.0,1,3
1199.0,5.0,2,4
337.0,4.6,3,4
1878.0,5.0,1,6
945.0,5.0,6,9
1770.0,4.3,3,3
262.0,4.2,184,7
400.44,3.9,17,4
262.0,4.8,12,5
2100.0,4.9,12,6
1000.0,5.0,2,4
68.0,4.1,4,6
110.0,4.1,150,2
1625.0,5.0,1,4
674.0,5.0,1,3
139.0,3.6,5,9
485.0,3.0,1,6
1399.0,5.0,2,3
550.0,2.3,5,10
225.0,3.6,62,4
150.0,3.7,120,1
259.35,4.5,6,0
407.0,5.0,2,0
232.0,4.7,10,2
719.0,4.5,2,0
1138.0,5.0,2,0
295.0,4.4,23,5
767.0,3.5,24,7
240.0,3.5,6,5
1457.0,3.0,1,6
573.0,5.0,4,6
299.0,4.7,4,2
129.65,5.0,1,0
336.0,5.0,6,3
76.0,4.3,3,3
221.0,4.1,30,6
455.0,5.0,1,8
647.0,3.9,15,0
584.0,3.3,3,8
184.0,4.8,13,2
259.0,5.0,1,0
1214.0,5.0,1,6
300.0,5.0,1,2
225.0,3.9,2,0
246.0,3.8,7,7
399.0,4.2,3,4
2846.0,4.8,5,3
294.25,4.2,35,5
591.0,4.7,4,7
110.0,3.8,18,0
159.0,4.1,48,9
900.0,5.0,2,10
1000.0,4.4,8,4
521.0,5.0,10,3
141.0,4.2,46,7
813.0,3.9,11,6
1839.0,3.4,2,3
220.82,3.0,1,3
647.0,4.7,20,3
772.0,4.4,9,0
262.0,5.0,1,5
309.0,4.1,5,7
115.0,4.1,246,7
93.0,4.2,53,7
446.0,4.0,1,6
1299.0,5.0,1,4
1339.0,3.6,29,3
356.0,5.0,1,3
2000.0,4.0,126,7
399.13,4.0,11,2
464.0,5.0,1,7
1174.0,5.0,1,6
549.0,4.0,3,5
409.0,4.4,29,10
314.0,5.0,1,0
298.0,3.8,4,3
386.0,2.5,2,0
1650.0,4.7,4,4
459.0,4.3,3,4
384.0,4.0,2,10
233.0,5.0,1,9
740.92,5.0,1,3
162.0,4.6,35,2
396.0,3.0,1,3
3990.0,4.5,43,3
202.93,4.3,3,3
299.0,3.6,21,0
255.0,4.8,12,0
1121.0,4.8,5,7
229.0,4.9,11,3
479.0,4.3,43,2
361.0,4.5,4,0
339.0,4.4,26,5
250.0,3.6,3,6
870.44,4.5,29,1
228.0,4.1,12,2
475.0,5.0,1,7
524.25,5.0,4,3
299.0,4.1,2,4
210.0,5.0,1,9
320.0,4.5,784,2
263.0,4.4,174,5
271.58,4.7,4,0
474.0,4.7,37,8
299.0,5.0,1,5
369.0,4.4,23,2
600.0,3.9,3,4
239.0,4.8,10,1
299.0,4.5,10,2
342.01,3.9,15,1
360.0,4.8,9,0
281.0,4.4,48,5
199.0,5.0,1,7
726.31,4.6,5,1
669.0,4.8,15,3
365.0,3.8,15,5
349.0,4.5,2,3
972.0,5.0,15,0
342.0,4.7,7,7
903.0,4.7,4,2
599.0,3.0,2,0
247.0,4.2,23,9
84.0,3.6,20,7
310.0,4.3,3,0
420.0,4.6,27,2
245.0,4.7,15,0
159.0,4.1,397,9
1392.0,4.8,13,1
1475.0,4.5,63,4
304.0,4.5,18,7
398.89,4.7,4,0
2243.0,5.0,1,3
481.61,4.2,22,0
655.18,5.0,1,3
299.0,5.0,2,0
590.0,4.3,5,3
183.7,4.4,2,6
445.1,3.9,10,8
454.0,5.0,3,6
339.0,4.0,9,0
288.45,4.6,8,8
310.0,4.7,3,0
373.0,3.7,24,10
3340.0,4.8,5,1
180.0,4.6,6,7
702.0,5.0,1,6
295.0,3.4,4,5
616.0,5.0,3,3
250.0,3.9,32,3
799.0,5.0,2,3
299.0,4.1,5,7
379.0,4.2,14,0
350.0,4.0,1,0
900.0,4.2,5,2
250.0,3.5,2,0
461.0,5.0,4,1
280.0,4.0,1,5
1497.2,5.0,2,8
410.0,3.9,16,7
399.0,4.0,1,0
131.35,5.0,2,9
311.0,4.3,35,9
900.0,4.2,3,10
389.0,3.7,30,5
449.0,5.0,1,6
249.0,4.5,26,10
146.0,4.0,8,9
594.0,4.4,113,9
385.0,4.8,7,7
999.0,4.4,172,9
350.0,3.8,6,3
359.0,1.0,1,8
115.0,5.0,1,0
977.0,4.0,1,10
406.0,3.5,17,0
1799.0,4.5,25,4
1318.0,4.8,8,1
323.52,3.8,28,6
1422.0,3.0,1,1
357.0,4.3,158,4
14100.0,4.9,22,3
379.0,3.8,6,9
399.0,4.7,226,2
295.0,3.9,21,5
248.0,2.0,1,6
485.0,4.1,5,0
336.0,3.6,44,0
441.0,4.8,7,10
152.0,3.9,20,0
227.0,4.4,863,2
900.0,5.0,1,6
352.36,3.8,17,0
588.0,5.0,1,1
335.0,4.3,14,0
281.0,4.1,76,5
279.0,4.0,4,9
399.0,3.9,26,4
499.0,4.0,9,4
1843.0,4.1,4,7
855.0,4.6,27,10
319.0,3.9,18,9
235.0,4.5,291,5
450.0,3.8,6,0
310.0,3.0,2,10
479.0,4.0,2,0
299.0,5.0,2,9
307.0,3.7,6,5
113.0,4.0,19,7
538.0,4.5,225,2
699.0,4.2,7,9
155.0,3.8,69,0
199.0,3.3,5,9
369.0,5.0,4,10
275.0,5.0,2,0
374.0,4.0,3,6
350.0,4.0,1,6
350.0,4.9,12,7
275.0,3.0,6,7
296.0,4.1,1227,2
311.0,5.0,3,1
94.0,4.0,46,7
701.0,4.0,1,1
299.0,4.6,366,8
491.0,5.0,1,6
517.0,4.0,5,3
91.0,4.1,4,7
686.0,4.4,113,5
499.0,4.5,2,0
277.0,4.0,8,4
632.15,5.0,3,3
1075.0,4.5,2,1
247.0,4.0,218,5
1524.0,3.6,7,1
200.0,4.0,2,9
60.0,4.9,12,7
90.0,3.0,21,1
269.0,3.9,5,5
495.0,4.2,68,4
895.0,4.8,6,6
222.0,2.9,43,5
569.0,3.8,100,4
121.0,4.7,13,1
634.25,4.2,21,3
228.0,4.1,98,4
275.0,4.7,4,5
224.0,4.6,108,5
598.94,4.5,6,3
1071.0,5.0,3,0
1000.0,4.0,1,4
787.0,5.0,1,10
492.0,3.5,3,4
539.0,4.5,2,8
284.0,4.5,77,2
1054.0,4.8,19,0
152.0,3.6,337,9
1020.0,5.0,1,6
924.0,3.9,7,0
253.0,5.0,2,7
239.0,4.4,13,2
249.0,4.4,20,10
1584.0,4.8,9,3
296.0,4.7,90,5
76.0,3.2,2,8
228.0,5.0,3,3
242.0,3.9,13,5
399.0,4.7,4,6
205.0,4.4,30,5
319.0,4.0,43,5
474.0,5.0,1,3
54.0,3.7,10,0
812.0,5.0,1,6
463.0,4.2,32,5
416.0,3.1,5,5
1319.77,3.0,1,3
646.0,3.9,22,1
355.0,4.4,973,0
335.0,4.3,37,2
509.0,5.0,1,1
100.0,5.0,1,0
1249.04,4.8,16,0
665.0,4.4,12,3
260.0,3.2,4,5
355.0,4.1,5,4
573.0,4.0,8,9
59.0,3.9,67,7
9096.0,4.5,10,1
355.0,3.9,45,7
559.0,4.4,6,10
310.0,3.0,2,0
449.0,4.6,154,10
293.0,2.0,1,7
240.0,3.9,76,5
253.0,4.5,18,2
262.0,4.3,11,5
185.0,3.6,14,7
194.0,4.1,50,7
128.0,4.6,9,7
295.0,3.7,5,9
459.0,4.3,10,6
465.0,4.4,310,7
650.0,4.1,13,4
1109.0,4.0,1,10
557.0,4.4,10,4
420.0,4.6,34,2
524.0,5.0,5,6
311.0,4.6,109,3
120.0,3.0,2,5
573.18,5.0,1,3
262.0,3.7,5,3
438.0,4.6,5,0
239.0,5.0,5,6
1194.0,3.3,7,4
299.0,4.7,53,4
114.0,5.0,1,6
150.0,3.9,33,1
200.0,3.0,2,5
117.0,4.2,301,0
310.0,4.7,7,1
300.0,3.9,24,0
50.0,3.0,2,7
308.0,4.5,24,5
1552.0,4.6,9,1
575.0,3.0,4,4
487.0,3.6,4,9
294.0,4.6,3,7
337.0,4.3,27,1
1268.0,5.0,2,10
356.0,5.0,2,7
1699.0,4.0,14,1
198.0,3.8,3,5
492.0,4.6,212,4
1198.0,4.6,6,3
11715.12,4.0,1,1
309.0,3.9,9,5
786.0,4.2,11,1
217.0,3.9,12,2
569.0,4.2,41,0
125.0,3.2,30,7
199.0,4.1,25,0
320.0,4.2,40,2
112.0,4.1,764,9
460.0,2.7,279,2
399.0,4.1,12,3
289.0,4.1,5,6
98.0,4.7,19,9
904.0,5.0,1,6
322.0,5.0,1,6
415.0,4.3,38,5
295.0,4.3,255,7
478.79,4.2,9,8
399.0,5.0,1,3
529.0,2.8,5,5
2767.0,5.0,4,3
199.0,4.8,6,0
420.0,4.6,68,1
249.0,3.8,6,9
969.0,4.5,18,9
2239.0,4.8,8,4
482.0,4.7,4,0
350.0,3.6,19,8
1688.0,5.0,4,3
1407.0,4.1,10,6
196.0,4.2,251,6
239.0,4.6,10,3
859.0,4.4,30,2
194.94,4.7,5,8
639.0,4.6,72,6
129.0,3.0,1,4
374.0,3.7,11,6
498.44,5.0,6,6
236.0,3.0,1,6
100.0,3.8,4,5
150.0,4.9,33,9
117.0,4.6,653,2
356.0,4.0,5,4
277.0,4.7,167,10
435.0,4.0,22,10
979.0,5.0,1,4
1499.0,5.0,1,5
399.0,4.9,11,5
2122.0,4.1,14,1
359.0,4.8,11,2
369.0,3.9,16,5
1056.0,3.5,3,1
215.0,4.8,8,7
270.0,4.0,2,0
199.0,3.4,8,6
286.0,5.0,1,6
646.0,4.7,6,4
675.0,4.9,14,7
130.0,4.1,29,6
324.0,1.7,3,6
232.0,5.0,5,10
442.0,4.1,8,5
953.0,5.0,1,5
1200.0,4.1,43,4
1074.0,3.4,3,1
279.0,4.6,3,9
900.0,3.7,13,1
1299.0,4.0,1,4
212.0,4.0,2,9
156.0,4.5,27,10
299.0,5.0,7,9
168.0,4.6,3,0
554.0,4.5,2,1
199.0,4.9,16,6
1095.0,4.7,3,1
588.0,5.0,1,3
735.0,4.5,2,2
303.0,4.5,50,2
416.0,4.5,2,3
134.0,4.0,3,3
573.0,5.0,1,0
185.0,4.4,9,5
135.0,4.6,5,7
366.0,4.5,4,8
228.0,3.5,9,3
359.0,4.4,37,2
270.0,4.5,8,0
524.0,4.6,14,1
591.0,4.0,1,0
534.0,5.0,3,4
499.0,4.2,6,6
629.0,3.8,8,1
175.0,4.1,62,2
224.0,4.4,70,8
260.0,4.5,2,7
3439.0,5.0,6,1
430.0,4.6,19,4
1197.0,3.8,6,9
339.0,4.7,8,3
1224.0,5.0,1,0
282.36,4.7,8,9
2208.0,5.0,1,3
885.0,4.5,247,6
180.0,4.4,137,0
592.0,4.4,61,7
740.0,4.7,8,4
368.0,4.8,5,2
224.0,4.3,29,8
455.0,5.0,1,4
212.0,2.0,2,9
510.0,4.5,60,8
525.0,4.5,26,2
1771.0,4.1,12,4
456.0,5.0,3,1
242.0,4.4,6,9
479.0,4.7,894,6
358.0,4.1,28,3
488.0,5.0,1,8
239.0,3.7,31,0
748.34,4.2,4,10
2115.0,5.0,2,4
350.0,4.5,11,1
627.0,4.0,1,3
227.0,4.5,30,5
113.0,4.1,10,5
278.0,3.8,27,5
970.0,4.0,1,6
373.0,5.0,1,10
659.0,4.0,1,7
80.0,4.0,3135,9
1852.0,1.0,2,6
399.0,3.3,3,2
773.0,5.0,3,0
479.0,4.8,8,7
440.0,4.2,6,5
209.0,3.9,11,2
899.0,5.0,2,7
341.0,4.2,26,6
1194.0,5.0,2,10
235.0,4.6,84,0
800.0,4.3,38,7
214.0,4.8,10,6
490.0,3.5,2,8
488.0,4.4,958,2
166.42,4.7,20,5
423.0,4.5,49,4
273.0,4.4,9,6
682.0,4.0,1,1
375.0,4.0,1,10
245.0,4.2,9,10
378.0,3.5,80,5
982.0,4.0,1,1
542.0,4.5,2,1
799.0,4.0,2,10
415.0,5.0,1,9
1344.0,5.0,3,8
180.0,4.0,1,0
499.0,4.7,8,3
993.0,4.0,1,2
131.0,4.0,1,9
647.0,4.8,10,5
339.0,4.4,27,6
1400.0,5.0,2,1
979.0,4.5,24,7
399.0,3.7,25,4
140.0,2.2,6,4
125.0,4.5,4,6
1054.0,5.0,4,4
724.0,4.8,21,5
262.0,4.8,12,0
185.0,3.9,16,5
689.0,4.9,12,6
805.0,5.0,4,1
339.0,3.7,28,5
364.0,3.8,5,4
2721.0,5.0,1,1
1054.0,4.0,1,4
304.0,4.5,351,0
779.0,5.0,1,1
410.0,4.6,10,0
407.0,5.0,1,10
159.0,4.4,81,2
597.07,4.9,11,7
483.0,4.8,5,0
321.0,3.8,8,10
369.0,4.6,53,2
1274.0,3.8,2,9
859.0,5.0,1,10
460.0,4.4,11,10
1924.23,4.7,9,6
159.0,4.7,5,0
344.7,4.0,1,0
485.0,5.0,2,10
476.0,4.5,2,3
169.0,4.3,116,2
262.0,4.7,10,5
339.0,4.2,38,2
188.0,4.2,46,9
229.0,4.5,7,0
68.0,4.7,5,0
152.0,4.3,134,2
219.0,3.9,14,5
256.0,4.5,45,0
199.0,4.1,134,10
1427.0,4.4,3,1
265.0,4.5,127,9
499.0,4.6,420,0
430.0,4.3,16,10
280.0,4.6,30,7
360.0,4.1,7,4
700.0,3.5,2,7
9984.0,5.0,1,9
1038.0,5.0,2,6
380.0,3.7,6,6
137.0,3.1,5,5
265.0,5.0,4,3
1229.0,5.0,1,9
481.61,4.0,4,2
368.0,4.0,1,2
247.0,3.9,37,0
615.0,4.5,2,6
1000.0,4.6,22,3
350.0,4.6,3,0
160.0,3.3,10,7
1265.0,2.0,4,3
474.0,4.7,27,5
419.0,4.3,139,2
479.0,4.2,10,7
199.0,5.0,2,1
150.0,4.3,800,2
179.0,4.0,19,5
399.0,4.0,2,10
2067.0,4.0,7,4
599.0,4.8,6,3
341.0,4.7,36,3
2308.0,5.0,3,3
185.0,4.1,15,5
1647.0,5.0,1,10
675.0,3.6,6,4
100.0,4.5,2,7
166.42,5.0,3,0
180.0,1.0,1,9
371.0,4.4,3,0
629.0,5.0,2,6
245.0,5.0,5,8
845.0,5.0,15,6
175.0,3.8,9,7
409.0,4.7,6,3
703.0,5.0,1,6
170.0,4.0,1,5
300.0,4.0,1,6
299.0,3.9,16,9
919.0,3.4,6,7
395.0,5.0,3,8
371.0,4.0,1,10
280.0,3.7,8,6
85.0,3.5,27,7
708.0,5.0,1,9
195.0,4.9,28,3
299.0,3.9,3,1
712.0,5.0,1,6
1207.0,4.7,4,10
712.0,5.0,2,6
470.0,4.6,84,2
261.0,4.2,94,2
211.0,3.9,178,7
373.52,3.9,11,5
129.0,3.9,13,0
303.0,4.0,1,9
359.0,3.9,4,5
240.0,4.7,14,0
255.84,3.8,6,5
288.0,5.0,1,5
188.0,4.7,38,2
1897.0,5.0,3,6
243.0,3.8,44,2
388.0,5.0,32,2
445.1,4.6,3,3
2789.0,5.0,1,4
103.0,2.8,10,7
871.0,3.7,5,6
418.0,4.0,27,2
466.68,4.6,31,8
606.0,4.8,12,1
267.0,5.0,1,3
463.0,4.4,145,2
157.0,3.7,19,9
309.0,4.8,5,5
1135.0,5.0,2,7
135.0,4.5,23,2
184.0,3.7,43,0
954.0,5.0,2,1
399.0,5.0,1,9
64.0,3.6,5,7
785.0,4.9,10,2
123.0,4.4,67,1
250.0,4.6,6,5
1551.0,4.0,11,3
783.0,5.0,7,2
1400.0,5.0,1,1
375.0,4.5,137,5
363.0,4.6,10,6
395.0,5.0,1,7
369.5,3.8,36,7
427.0,5.0,5,3
114.0,4.1,967,9
482.0,5.0,3,4
679.87,5.0,1,3
270.0,5.0,1,3
272.0,4.2,15,1
174.0,4.6,1392,5
99.0,3.3,3,7
268.0,4.3,63,2
841.0,3.9,7,0
64.0,3.6,14,9
1439.0,5.0,16,3
374.0,4.5,2,1
1524.0,5.0,1,1
624.0,5.0,1,3
625.0,2.9,4,6
459.0,4.3,33,6
349.01,4.1,16,1
173.0,4.0,1,3
349.19,4.6,71,9
2250.0,5.0,1,1
560.0,4.0,6,4
899.0,3.8,6,4
468.95,4.9,13,0
629.0,3.0,2,1
373.0,4.1,264,5
459.0,4.0,2,4
367.0,4.7,10,7
289.0,5.0,1,7
384.0,5.0,2,9
4175.0,4.7,122,6
130.0,3.0,6,3
274.0,3.6,4,9
1766.0,4.8,5,4
579.0,2.0,1,1
252.0,4.4,30,2
299.0,3.4,4,10
110.0,3.1,13,9
1478.0,4.1,2,7
494.0,4.5,53,0
359.0,4.2,26,2
255.0,4.1,6,4
431.61,3.2,3,6
262.0,4.7,277,0
859.0,4.8,6,10
266.0,4.2,76,0
1290.0,3.0,14,4
265.0,1.0,1,7
647.0,4.6,14,0
395.0,4.5,19,9
349.0,4.3,13,7
779.0,4.0,4,10
303.69,4.2,35,0
382.0,4.5,219,2
258.0,3.7,33,0
719.0,5.0,2,4
202.93,4.3,4,3
243.0,4.6,505,5
350.0,5.0,3,3
295.0,4.0,1,9
309.0,5.0,6,0
724.0,4.8,6,10
470.0,3.6,5,6
177.0,3.9,5,2
449.0,5.0,1,6
222.0,3.5,2,1
304.0,4.6,8,4
1728.0,4.3,125,6
1172.0,3.4,32,7
300.0,4.1,407,5
420.0,3.5,2,2
466.68,4.8,5,7
680.0,5.0,2,7
625.0,3.9,3,4
149.0,4.4,210,5
127.0,3.8,50,9
300.0,4.1,15,2
250.0,5.0,4,7
443.0,4.4,12,7
371.0,4.8,21,0
1600.0,4.5,74,0
414.0,4.3,4,4
225.0,5.0,3,3
638.0,4.4,2,0
310.0,4.3,38,9
56.0,4.5,2,7
85.0,3.9,16,0
250.0,4.0,1,0
297.0,4.1,7,0
783.0,5.0,4,6
765.0,4.5,2,1
329.0,4.4,2,3
220.0,4.4,17,5
399.0,5.0,2,7
613.0,3.3,3,6
399.0,2.5,3,6
1007.0,5.0,1,8
96.0,3.2,16,6
367.0,4.5,15,1
305.0,4.6,443,0
299.0,4.1,15,0
300.0,4.5,5,9
712.0,4.5,99,1
203.0,3.9,92,5
350.0,3.9,32,0
299.0,5.0,1,0
213.0,4.0,2,8
237.0,3.8,15,2
479.0,3.6,6,1
440.0,5.0,20,4
299.0,4.6,15,8
300.0,4.0,5,0
225.0,4.5,142,5
169.0,4.4,133,0
279.0,5.0,5,2
304.0,4.5,56,3
1499.0,5.0,3,4
510.0,5.0,2,3
548.0,5.0,1,4
319.0,4.4,63,0
438.0,3.4,10,6
529.0,4.0,8,5
121.0,4.8,5,5
556.0,3.6,11,8
754.0,4.7,5,1
374.0,4.8,151,6
609.0,4.7,80,2
194.0,3.0,2,5
471.0,3.0,2,1
404.13,4.4,9,10
399.0,3.9,17,2
350.0,5.0,1,0
269.0,3.5,2,0
300.0,4.3,188,7
185.0,3.8,16,5
374.0,3.9,6,10
150.0,3.2,12,7
199.0,3.7,37,5
399.0,3.0,2,9
354.0,4.7,166,4
241.0,3.7,8,2
90.0,5.0,2,3
879.0,5.0,4,4
308.0,4.5,44,9
378.0,5.0,1,5
1050.0,5.0,1,8
395.1,5.0,1,0
413.0,4.7,6,0
1854.0,5.0,2,10
94.84,4.7,13,7
999.0,3.7,67,7
247.0,4.6,20,10
351.0,4.0,24,5
159.0,4.1,10,2
262.0,3.8,9,6
1117.0,5.0,2,6
391.0,5.0,1,9
499.0,3.3,6,7
178.0,1.0,1,7
789.0,5.0,3,0
272.0,3.3,3,0
192.0,3.0,1,9
474.0,4.2,20,3
249.0,5.0,1,9
665.0,5.0,1,3
154.0,4.2,155,3
225.0,5.0,1,7
264.0,4.0,22,0
962.0,5.0,1,6
169.0,4.2,656,9
824.0,4.0,2,3
130.0,4.1,19,2
217.54,5.0,1,0
527.0,4.0,5,3
250.0,3.8,31,2
361.0,5.0,2,0
634.0,3.2,32,4
575.0,3.3,2,1
336.0,4.2,25,7
1427.0,4.2,3,6
112.0,4.2,17,7
1613.0,3.6,4,1
1488.0,5.0,1,6
443.0,3.7,3,0
470.0,5.0,6,10
360.0,4.8,11,2
339.0,3.7,14,2
204.0,4.3,4,5
1064.0,5.0,3,10
1399.0,4.3,4,5
1290.66,4.4,175,0
230.0,3.7,3,5
454.0,4.4,153,0
215.0,3.8,32,9
150.0,4.2,145,6
300.0,3.7,102,5
150.0,3.3,2,7
535.0,4.6,85,0
134.0,4.8,14,7
449.0,5.0,5,3
169.0,5.0,1,5
428.0,4.0,5,4
306.0,4.6,17,0
610.0,4.7,127,2
321.0,4.5,12,1
179.0,4.3,15,9
500.5,4.4,3,8
269.0,3.9,5,0
493.0,5.0,3,3
196.0,4.2,251,7
452.0,4.3,88,9
325.0,4.2,11,7
2742.0,4.0,27,5
244.0,4.0,49,8
198.0,4.5,1684,9
284.0,3.3,5,2
295.0,4.2,11,5
599.0,4.2,11,7
553.0,2.9,3,5
196.0,3.6,12,3
205.0,4.4,33,0
369.0,3.9,16,0
499.0,4.6,2,6
195.0,4.0,17,4
304.0,3.5,2,3
373.0,4.8,15,1
552.21,4.0,19,1
150.0,3.3,3,5
624.0,4.0,2,3
270.0,3.5,22,6
185.0,4.5,50,9
309.0,4.1,37,0
686.0,5.0,1,1
419.0,5.0,4,9
316.8,3.7,34,7
558.0,4.5,12,8
259.0,4.4,7,0
147.0,4.4,902,2
188.0,4.7,3,9
260.0,4.8,149,2
289.0,3.9,11,0
338.0,4.0,36,0
910.0,4.1,5,10
203.0,4.0,2,5
255.0,4.8,12,5
268.0,3.8,6,5
442.0,3.0,1,6
400.0,4.8,9,2
1669.0,3.9,4,1
1916.0,4.0,1,0
276.0,4.1,24,9
2511.0,5.0,2,7
270.0,4.3,8,9
235.0,3.6,5,5
449.0,2.5,2,4
69.0,3.0,4,7
415.0,5.0,3,0
367.0,5.0,1,1
483.0,5.0,4,3
279.0,4.0,38,5
199.0,3.5,3,9
350.0,4.1,12,10
460.0,3.0,1,4
983.0,2.9,2,0
1000.0,5.0,2,6
324.0,4.1,35,1
479.0,4.0,15,7
963.0,5.0,1,0
449.0,3.1,6,3
112.0,4.6,45,7
384.0,4.5,4,4
624.0,5.0,1,3
396.0,4.2,85,2
948.0,5.0,1,10
499.0,4.5,8,3
1399.0,5.0,1,4
299.0,5.0,4,6
988.0,4.0,1,6
352.0,3.2,7,6
145.0,3.5,13,5
407.0,4.7,21,4
198.0,4.0,3,5
1398.0,4.0,1,3
1250.0,5.0,1,7
399.0,5.0,1,0
180.0,4.4,15,2
250.0,3.8,22,9
993.0,4.0,1,8
161.0,3.6,8,3
450.0,5.0,1,2
120.0,3.1,46,9
355.0,4.3,9,6
295.0,4.1,25,0
899.0,4.1,4,8
981.0,4.6,3,6
55.0,4.7,24,7
417.0,3.6,13,0
1034.0,4.0,2,10
440.0,4.0,26,7
1600.0,4.8,34,4
379.0,4.1,33,9
150.0,4.0,20,2
224.0,4.5,2,1
1824.0,5.0,10,10
184.0,5.0,3,5
179.0,4.0,5,1
420.0,5.0,1,8
350.0,3.8,48,4
596.0,5.0,1,7
1200.0,3.7,8,4
319.0,4.3,11,10
490.0,4.5,3,4
695.0,4.9,37,3
2098.67,4.6,6,10
1078.0,5.0,1,10
266.0,4.9,11,3
1496.0,4.0,2,10
319.0,4.1,2,0
387.0,4.3,154,7
532.25,5.0,1,1
639.0,3.6,5,3
235.0,3.4,5,5
641.0,4.5,4,5
399.0,4.1,9,0
398.0,5.0,10,1
210.0,3.7,11,0
154.0,4.7,14,7
722.37,4.5,2,3
960.0,5.0,3,4
185.0,3.8,163,2
2145.0,5.0,2,4
563.0,4.0,1,8
845.75,5.0,3,4
299.0,4.9,19,5
1550.0,3.8,7,4
999.0,4.7,4,3
345.0,4.1,29,3
118.29,4.1,29,9
399.0,3.8,98,5
142.0,4.3,146,9
2570.0,5.0,3,6
323.9,4.6,42,2
1350.0,4.3,7,4
632.15,5.0,2,3
950.0,4.5,15,8
520.0,4.0,2,4
564.4,3.0,1,9
474.0,4.7,37,2
200.0,3.9,15,5
269.0,4.4,7,2
514.0,4.0,35,10
90.0,4.3,31,9
590.0,4.0,1,3
452.0,5.0,1,0
581.0,4.0,5,1
309.0,4.1,6,8
299.0,1.0,1,9
175.0,4.2,44,9
399.0,3.7,11,9
814.0,3.4,4,6
518.73,5.0,1,7
460.0,4.4,11,7
690.0,5.0,2,1
270.0,4.6,199,9
374.25,4.3,25,5
195.0,3.9,6,7
763.0,5.0,1,1
198.0,4.0,1,0
499.0,4.2,163,6
189.0,4.5,2,0
5437.0,3.9,2,10
299.0,4.0,2,0
398.44,5.0,2,4
1094.0,4.4,4,7
238.0,4.6,34,5
280.0,5.0,1,5
629.0,4.5,2,10
1199.0,3.9,3,1
489.0,4.4,65,8
262.0,3.0,1,1
557.0,5.0,2,7
634.0,4.5,58,0
357.0,4.2,157,2
749.0,4.5,29,6
1154.0,4.0,1,1
496.23,1.4,3,7
596.0,5.0,1,7
265.0,4.2,25,8
446.0,4.0,6,5
131.0,3.9,4,7
185.0,4.3,66,5
295.0,4.0,1,10
324.0,4.0,6,0
399.0,4.5,16,8
98.0,3.4,5,3
239.0,4.0,1,1
963.0,5.0,6,6
1205.0,5.0,3,10
607.0,5.0,2,6
229.0,4.8,107,2
150.0,4.2,73,7
420.89,4.4,5,6
549.0,5.0,2,2
244.0,4.2,8,5
247.0,3.8,218,5
389.0,4.4,203,3
456.0,4.3,12,7
1242.0,5.0,1,10
448.99,3.3,5,6
142.0,4.0,20,9
374.0,4.5,9,10
298.0,4.5,168,5
799.0,5.0,1,1
445.0,5.0,2,7
605.0,5.0,2,6
933.0,4.0,8,0
247.0,4.4,3,9
416.0,5.0,1,7
238.0,4.5,4,0
1433.0,4.8,14,3
334.0,4.5,6,9
799.0,3.9,6,3
345.0,4.5,2,8
279.0,3.7,113,0
287.0,4.1,24,5
691.0,5.0,2,7
395.0,5.0,1,3
590.0,4.6,114,3
263.0,4.4,67,0
69.0,4.1,44,1
676.0,4.4,11,0
205.0,4.1,5,5
392.0,4.6,33,2
177.0,4.5,2,5
850.44,4.6,32,6
309.0,4.0,1,4
369.0,4.3,21,7
555.0,4.7,9,2
364.0,5.0,1,1
304.0,4.5,351,8
449.0,4.1,28,0
299.0,4.3,16,8
258.0,4.0,171,5
229.0,4.3,14,0
299.0,5.0,1,9
557.0,2.8,2,10
349.0,4.8,12,2
561.0,4.0,1,1
169.0,4.0,76,5
379.0,4.3,4,9
391.0,4.0,1,0
1100.0,4.7,5,7
353.0,4.3,57,2
1001.0,5.0,1,3
954.0,4.6,3,8
689.0,5.0,1,3
364.0,4.4,60,6
260.0,5.0,1,10
124.0,4.3,3,2
369.0,4.4,61,10
323.52,4.6,17,9
382.0,5.0,4,2
150.0,3.8,15,6
681.0,3.5,9,7
170.0,4.5,2,5
1969.0,3.9,9,4
451.0,5.0,1,10
149.0,3.0,1,9
435.0,4.7,31,3
364.0,4.7,26,0
179.0,4.3,8,5
509.0,5.0,1,10
374.0,5.0,1,9
224.0,4.4,331,2
679.0,4.7,4,6
559.0,5.0,1,10
202.0,5.0,3,6
335.0,4.4,108,4
428.0,5.0,1,7
434.0,4.7,45,2
503.0,4.1,17,0
151.0,4.3,55,4
319.0,3.9,42,6
120.0,5.0,36,9
190.0,3.2,10,7
399.0,4.0,2,4
160.0,4.5,5,0
569.0,4.6,3,6
299.0,5.0,8,10
399.0,4.4,49,8
411.6,4.3,48,0
708.0,5.0,1,9
795.0,5.0,1,10
449.0,4.0,1,0
295.0,4.5,2,9
261.0,4.3,21,5
475.0,3.0,1,6
700.0,4.6,3,4
410.0,4.2,66,4
342.0,4.0,37,3
678.0,4.3,7,3
180.0,4.5,18,3
314.0,4.2,37,0
619.0,1.0,1,1
290.0,4.5,95,7
191.0,4.0,1,5
799.0,5.0,4,3
461.0,3.5,56,4
623.0,5.0,8,1
657.0,5.0,1,8
444.0,3.8,9,7
449.0,3.8,19,0
400.0,5.0,1,6
293.0,5.0,1,1
795.0,5.0,1,7
446.0,3.7,3,10
426.0,5.0,3,4
284.0,3.9,36,9
560.0,4.2,30,2
410.0,4.6,6,7
297.0,5.0,2,7
128.0,3.4,3,4
322.0,5.0,2,0
443.0,4.1,5,8
220.0,4.2,6,8
235.0,4.3,250,5
685.0,3.4,28,9
140.0,4.5,26,6
409.0,4.5,2,6
227.0,3.8,970,5
340.0,3.5,305,8
899.0,5.0,2,6
239.0,2.0,1,0
324.0,4.8,71,1
96.0,3.8,327,9
1191.0,4.1,5,6
509.0,3.6,24,7
210.0,5.0,1,6
350.0,4.5,18,2
207.0,4.4,64,9
518.0,4.2,3,1
646.0,5.0,1,0
409.89,5.0,4,3
1038.0,5.0,1,1
171.0,4.0,175,2
419.0,4.9,52,1
1380.0,4.9,26,0
109.0,4.5,1403,9
420.0,4.6,180,0
138.0,4.3,7,9
224.0,4.5,38,1
247.0,3.0,19,0
1187.0,4.6,6,7
155.0,3.7,57,9
176.0,3.0,1,9
3194.0,5.0,3,4
180.0,4.4,16,5
225.0,3.5,10,3
149.0,4.4,268,9
490.44,4.8,13,4
286.0,4.8,9,0
179.0,4.3,30,5
353.0,5.0,2,4
273.0,3.8,13,1
379.0,4.5,95,9
510.0,4.0,1,9
1465.0,3.0,1,6
539.0,4.0,29,5
280.0,4.4,48,1
230.0,3.6,13,0
194.0,3.5,3,5
291.0,4.1,40,2
182.0,4.6,11,2
150.0,4.3,8,10
366.0,3.9,53,2
2747.0,4.7,6,4
263.0,4.6,33,9
427.0,4.7,104,0
284.0,5.0,4,6
893.0,3.5,2,7
374.0,4.2,64,7
324.0,4.1,8,5
639.0,5.0,1,6
477.0,5.0,3,8
109.0,4.0,9,9
479.0,3.9,15,2
1350.0,5.0,1,1
749.0,5.0,1,8
479.0,4.2,11,10
373.0,3.9,12,2
238.0,4.6,3,9
224.0,3.7,14,2
628.0,4.8,7,6
79.0,4.0,10,7
895.0,5.0,4,4
499.0,4.0,2,4
999.0,5.0,2,4
2484.0,4.7,4,1
395.1,5.0,1,3
399.0,5.0,6,9
1499.0,5.0,3,3
778.0,4.0,3,10
423.0,4.5,17,0
206.0,3.7,43,5
198.0,3.4,93,5
379.0,3.7,16,5
270.0,4.3,50,2
92.0,4.3,123,7
340.0,4.3,7,0
260.0,4.4,43,5
539.0,5.0,2,6
537.0,4.1,31,0
398.0,3.7,4,5
508.0,4.2,3,6
449.0,2.4,64,10
406.0,3.4,11,0
703.0,4.4,4,3
295.0,4.0,12,6
299.0,4.2,20,1
250.0,4.6,15,1
440.0,4.7,6,4
474.0,4.4,22,2
847.0,5.0,3,6
98.0,5.0,1,6
224.0,4.8,9,6
271.0,4.1,16,7
569.0,5.0,3,10
1848.0,5.0,1,3
309.0,4.1,3,0
900.0,3.8,3,6
756.0,3.0,1,0
249.0,3.6,2,9
358.0,4.1,10,8
687.0,4.4,35,8
323.52,5.0,1,6
377.0,4.0,1,0
1016.0,4.1,2,1
1796.0,4.0,1,1
194.0,2.0,3,4
1257.25,5.0,2,1
395.1,4.0,1,5
416.0,3.1,2,3
446.0,5.0,4,6
275.0,4.4,16,9
299.0,4.7,8,5
350.0,4.0,36,0
2230.0,5.0,1,4
672.0,3.0,1,9
386.0,4.6,3,3
310.0,4.6,8,10
243.0,4.5,18,9
769.0,4.1,10,8
262.0,3.5,11,5
599.0,2.5,2,1
99.0,4.0,9,2
435.0,4.5,38,0
722.0,5.0,1,1
113.0,4.3,61,7
260.0,4.2,8,4
117.0,5.0,1,7
153.0,4.4,290,5
399.0,5.0,2,6
1890.0,5.0,4,4
209.0,3.6,11,0
1900.0,5.0,1,0
359.0,5.0,1,0
275.0,3.7,13,7
378.0,5.0,1,6
329.0,4.4,2,6
199.0,4.0,3,5
182.0,3.9,396,2
740.0,4.0,1,8
195.0,4.7,128,9
118.0,3.9,41,9
199.0,3.5,50,7
243.0,4.6,443,5
449.0,5.0,1,0
1488.0,5.0,1,3
383.0,3.9,22,8
117.0,4.0,1,7
2949.0,5.0,4,1
416.0,3.7,74,2
229.0,5.0,2,0
729.0,5.0,1,10
529.0,4.8,10,9
454.0,4.7,54,3
480.34,4.7,10,1
359.0,4.0,1,7
1201.0,5.0,1,10
311.0,4.3,24,5
140.0,4.0,287,5
425.0,4.7,5,3
398.0,4.7,5,10
74.0,4.4,12,1
403.0,4.8,9,2
320.0,5.0,1,0
373.0,3.7,20,2
81.0,3.4,20,7
300.0,4.0,5,5
289.0,4.0,1,7
545.0,5.0,1,3
146.0,3.9,20,2
425.0,5.0,1,3
423.24,4.6,2,1
1748.0,5.0,1,10
325.0,4.7,59,0
1099.0,3.9,39,3
480.0,4.1,8,4
290.0,4.5,95,8
872.0,5.0,1,4
540.0,4.6,3,3
224.0,4.0,96,5
361.0,4.7,16,1
413.0,4.6,2,1
195.0,5.0,1,5
474.0,5.0,2,1
117.0,3.7,46,2
122.0,4.6,5,5
275.0,4.0,24,7
375.0,4.3,12,3
225.0,5.0,2,10
319.0,5.0,10,10
5968.0,4.0,52,1
250.0,3.7,7,0
56.0,4.4,35,7
1006.0,4.7,4,7
2653.0,5.0,2,7
135.0,4.5,5,5
378.0,4.2,25,7
319.0,5.0,5,9
179.0,4.4,2,3
210.0,3.4,45,2
175.0,2.0,1,9
999.0,4.1,10,10
42.0,4.1,136,7
467.0,4.0,8,7
1528.0,4.7,4,10
949.0,4.6,10,7
247.0,3.7,22,5
238.0,4.7,42,2
215.0,4.3,50,3
248.0,1.0,1,5
1513.0,5.0,1,3
779.0,4.2,25,8
517.0,4.8,7,7
320.0,5.0,4,0
61.0,4.8,20,7
1472.0,5.0,1,10
202.93,4.0,244,3
275.0,4.7,4,9
149.0,3.9,11,0
410.0,4.7,24,4
410.0,4.2,19,4
658.0,3.6,7,5
356.0,5.0,5,2
872.0,3.9,33,10
587.0,5.0,1,7
609.0,5.0,2,10
285.0,3.3,25,8
385.24,4.8,4,9
359.0,3.9,46,5
369.0,4.2,56,5
624.0,5.0,1,6
735.0,3.8,14,4
166.0,3.7,9,5
899.1,4.4,107,4
225.0,5.0,2,7
1837.0,5.0,3,6
450.0,4.6,4,4
370.0,4.0,3,7
205.0,4.6,3,5
299.0,4.6,5,5
147.0,4.6,96,7
967.0,5.0,4,3
594.25,4.0,1,9
209.0,2.3,2,3
3495.0,4.8,5,6
336.0,3.9,22,2
479.0,4.4,11,1
829.0,5.0,1,10
2634.0,5.0,1,0
2403.0,4.5,670,5
295.0,3.9,120,0
323.52,4.4,17,9
266.0,4.2,76,5
449.0,4.0,6,4
395.0,4.6,223,2
149.24,4.6,3,0
367.0,3.4,7,8
310.0,4.0,6,6
224.0,4.3,12,10
1499.0,3.9,8,4
6840.0,5.0,11,3
178.0,4.3,40,4
249.0,4.4,40,2
305.0,4.6,3,0
225.0,4.3,16,6
180.0,3.8,30,5
1108.0,4.0,11,7
288.0,3.6,13,5
372.0,4.4,15,2
1172.0,5.0,1,10
395.1,4.7,34,0
178.0,4.3,40,8
845.0,5.0,15,3
243.0,4.3,86,5
239.0,4.7,40,5
410.0,4.3,11,4
676.0,3.6,6,1
724.0,4.6,34,2
360.0,4.2,3,9
2032.0,4.3,17,7
286.0,4.6,2,6
1285.0,5.0,2,10
450.0,4.6,40,2
1538.0,3.5,2,10
511.0,4.6,75,1
268.0,4.0,2,8
339.0,3.0,16,8
241.0,3.8,13,5
490.0,4.6,3,6
636.0,4.3,5,1
61.0,5.0,2,7
299.0,4.0,3,5
420.89,4.1,16,6
598.88,4.5,6,6
224.0,4.1,14,6
100.0,4.2,4,5
329.0,4.7,11,2
799.0,4.6,12,3
510.0,4.0,3,7
315.9,3.1,20,7
320.0,4.4,29,7
339.0,4.5,2,10
273.0,4.9,17,2
223.0,3.9,12,0
524.0,5.0,1,1
609.0,4.7,80,1
295.0,4.0,60,2
315.0,5.0,4,0
1318.0,5.0,2,1
69.0,3.7,117,8
638.0,2.9,50,4
374.51,4.4,8,0
1029.0,4.9,18,1
695.0,4.5,23,7
695.0,4.8,6,4
395.0,4.6,3,6
4999.0,5.0,1,6
373.0,5.0,1,10
146.0,4.5,16,9
376.0,4.8,6,3
238.0,4.5,13,0
5253.0,3.9,2,4
113.0,4.5,70,9
150.0,4.7,12,9
301.0,5.0,1,6
204.0,5.0,11,7
207.0,4.5,2,5
847.19,4.5,2,8
649.0,4.8,6,3
1038.0,5.0,2,3
1431.0,5.0,3,1
347.5,5.0,4,2
1058.0,3.6,6,1
90.0,5.0,2,3
570.0,3.5,2,8
324.0,4.1,2,5
121.0,4.4,111,1
446.0,4.5,2,4
169.0,4.3,63,9
299.0,4.5,14,9
859.0,4.6,7,6
188.0,2.4,2,0
176.0,4.7,47,3
245.0,3.4,6,7
584.0,4.7,34,2
1059.0,4.6,73,1
698.0,5.0,2,6
1367.0,3.8,4,1
337.0,3.8,20,2
1182.0,5.0,2,4
1505.0,4.6,3,0
457.0,3.5,2,6
484.0,4.2,32,1
185.0,3.9,20,9
434.0,3.0,8,6
399.0,4.4,27,2
473.0,5.0,2,1
94.0,4.5,867,0
752.0,5.0,1,10
232.0,4.4,11,9
311.0,4.3,18,5
239.0,4.1,30,2
553.0,5.0,6,3
273.0,3.8,3,5
390.0,4.8,16,3
521.0,4.1,45,7
1868.0,4.0,1,0
391.0,3.9,29,2
495.0,4.5,91,7
344.0,4.6,46,2
196.0,3.6,27,2
188.0,5.0,1,3
379.0,3.9,2,0
1389.0,5.0,3,3
656.0,5.0,1,4
890.0,5.0,1,8
479.0,3.8,17,0
178.29,5.0,2,2
534.0,3.6,5,3
281.0,3.7,17,5
211.0,4.5,2,0
1469.0,5.0,7,6
309.0,4.4,7,0
248.0,4.4,63,9
144.0,4.6,99,2
479.0,4.4,6,7
214.0,3.9,12,6
458.0,5.0,2,8
262.0,3.6,20,0
383.0,3.0,1,0
324.0,5.0,4,3
415.0,4.5,49,0
220.0,5.0,26,9
272.0,4.6,3,10
569.0,5.0,3,6
363.0,3.8,61,2
304.0,4.4,34,3
881.0,5.0,2,1
295.0,5.0,3,3
315.0,4.8,5,4
469.0,3.0,2,0
413.0,4.3,20,5
1063.0,4.7,3,8
1599.0,5.0,5,1
310.0,4.2,22,6
200.0,4.4,105,5
113.0,4.0,3,7
1519.0,5.0,1,10
559.0,4.7,83,1
125.0,4.6,3,9
307.0,4.0,1,5
116.0,3.8,14,7
380.0,3.8,42,8
443.0,4.5,49,0
519.0,1.0,1,4
247.0,3.7,14,5
848.0,2.0,1,4
423.24,4.9,10,0
4338.0,3.0,1,4
639.0,5.0,2,1
580.0,3.0,1,10
645.0,5.0,1,10
245.0,4.4,122,9
346.0,5.0,1,7
315.0,3.4,12,5
520.0,4.0,3,5
131.35,4.5,32,7
2571.96,5.0,1,10
1028.0,4.1,15,9
694.0,5.0,2,6
245.0,4.0,2,9
1065.18,5.0,1,3
896.0,3.5,7,5
240.0,4.0,70,2
301.0,3.8,33,0
399.0,4.1,28,5
395.1,4.5,19,10
309.0,4.0,16,6
341.0,4.4,33,1
261.0,3.8,30,5
395.1,4.4,8,10
489.0,4.0,52,8
538.26,4.9,11,10
277.0,3.8,13,0
386.0,4.0,22,3
167.0,4.3,3,5
221.0,4.3,12,5
223.0,3.2,2,9
178.0,5.0,2,2
475.0,4.7,5,0
500.0,5.0,1,1
36.0,5.0,1,1
339.0,4.8,30,3
2208.0,5.0,2,3
979.0,3.8,4,0
540.0,4.6,41,1
504.0,2.0,3,1
949.0,2.9,45,7
999.0,3.6,3,4
595.0,5.0,2,9
985.0,5.0,1,7
221.0,4.0,3,0
129.0,3.3,10,7
1028.0,5.0,1,10
1341.0,4.4,35,3
509.0,1.0,1,1
491.0,5.0,3,6
594.0,5.0,1,1
175.0,4.1,63,0
2006.0,5.0,13,3
1415.0,5.0,22,3
299.0,5.0,2,0
589.0,3.8,5,0
320.0,4.7,4,7
99.0,3.6,32,5
644.0,4.1,43,9
567.0,4.6,3,1
1376.0,3.7,8,1
375.0,4.7,23,2
180.0,3.7,6,1
399.0,4.7,21,2
146.7,4.2,13,9
270.0,3.7,8,5
249.0,4.4,17,0
199.0,4.3,7,0
585.0,5.0,1,7
399.0,5.0,1,1
1943.0,4.7,8,3
319.0,4.6,10,2
621.0,4.6,20,1
848.44,4.6,32,2
320.0,4.7,4,0
719.0,5.0,1,10
359.0,3.8,28,9
304.0,3.9,22,0
97.0,4.5,332,9
1308.0,5.0,2,3
1054.0,4.7,56,3
524.0,2.0,1,6
499.0,4.7,4,5
398.0,4.5,2,9
90.0,4.2,152,3
299.0,4.2,18,5
223.0,3.2,2,0
262.0,4.7,4,9
198.0,4.4,3,7
159.0,4.3,5,9
146.0,3.5,2,8
600.0,5.0,3,6
197.0,5.0,1,0
340.0,3.3,3,8
259.0,4.0,5,9
360.0,3.7,3,2
1118.0,5.0,1,1
319.82,4.2,35,0
993.0,5.0,1,6
1153.0,5.0,3,10
123.0,4.7,379,2
177.0,3.0,1,5
449.0,4.5,4,6
459.0,3.0,1,9
248.0,4.7,26,5
555.0,4.4,52,1
355.0,4.9,19,10
175.0,3.4,9,7
460.0,4.9,17,3
275.0,3.6,7,8
131.0,3.8,136,9
239.0,4.5,45,0
373.0,5.0,1,9
599.0,5.0,1,0
388.0,2.0,1,0
355.0,4.6,11,3
252.0,4.5,2,0
224.0,4.2,33,8
185.0,3.8,7,5
301.0,4.5,4,2
1975.0,4.0,1,1
1399.0,4.6,126,3
824.0,5.0,5,3
298.0,3.8,14,4
371.0,2.9,2,6
224.0,4.0,158,5
153.0,4.1,20,9
399.0,3.7,12,2
1205.0,5.0,4,10
3607.0,4.0,17,4
314.0,4.3,41,5
364.0,4.0,14,5
184.0,4.0,11,7
499.0,4.4,22,3
480.0,4.2,7,2
591.0,5.0,3,6
155.0,3.8,69,5
175.0,4.6,3,0
1835.0,2.9,2,4
374.0,5.0,1,8
30.0,4.0,6,1
250.0,4.5,61,5
284.0,4.0,128,5
1379.0,4.5,5,3
1819.0,5.0,1,0
673.0,4.8,12,3
449.0,3.7,10,5
759.0,4.1,9,0
232.0,4.7,10,10
424.0,4.5,2,0
519.0,4.7,10,7
399.0,4.5,9,9
185.0,4.7,4,0
1238.0,5.0,1,10
2798.0,4.0,1,4
860.0,3.6,6,3
379.0,4.2,15,9
449.0,4.3,16,4
121.0,4.6,129,2
4682.51,5.0,2,7
299.0,4.4,138,5
239.0,4.2,48,2
629.01,2.9,2,6
279.0,5.0,3,0
199.0,3.4,8,9
449.0,4.3,13,0
330.0,4.5,85,2
111.0,3.9,16,0
240.0,4.0,1,5
235.0,4.3,21,1
514.0,4.7,18,0
221.0,4.3,74,7
1054.0,4.0,1,1
449.0,3.9,4,5
399.0,4.6,9,0
409.0,4.7,37,3
1826.0,5.0,1,10
69.0,4.3,50,8
245.0,5.0,1,4
200.0,4.3,278,2
300.0,4.9,73,2
335.0,5.0,2,0
419.0,4.0,1,3
379.0,3.9,7,0
779.0,4.9,25,1
604.0,4.0,1,7
989.0,5.0,6,10
599.0,4.0,5,3
299.0,3.9,144,8
330.0,4.6,18,5
634.0,4.7,5,0
282.0,5.0,2,8
354.0,4.8,5,10
339.0,3.4,3,9
2202.0,4.0,1,4
275.0,5.0,1,8
1200.0,5.0,1,4
352.36,3.8,17,5
1101.0,4.5,4,0
299.0,4.7,20,8
390.0,4.0,4,10
392.0,5.0,3,0
445.1,4.7,7,5
299.0,4.4,98,2
150.0,3.8,22,9
185.0,4.5,13,5
645.0,5.0,1,3
319.0,4.0,35,8
599.0,4.7,10,8
416.0,3.0,2,0
682.15,4.6,11,8
582.0,4.2,24,8
250.0,4.2,4,5
348.44,4.7,17,10
324.0,3.8,6,0
215.0,4.6,3,7
664.0,5.0,1,10
205.0,4.0,2,5
1125.09,5.0,2,10
90.0,3.4,2,3
239.0,4.5,2,0
322.0,4.8,6,0
263.0,5.0,1,5
1125.0,4.0,8,1
884.0,5.0,1,6
200.0,4.0,1,9
350.0,5.0,3,6
839.0,5.0,1,8
210.0,2.7,3,0
415.0,3.6,4,2
246.0,3.5,12,7
473.09,4.4,7,6
425.0,5.0,1,10
499.0,4.6,27,10
95.0,3.9,5,10
352.0,5.0,1,3
440.0,4.1,13,8
259.0,4.6,3,6
514.0,5.0,1,10
374.0,3.7,4,0
2211.0,5.0,3,1
214.0,5.0,2,0
360.0,3.8,60,4
228.0,4.7,3,0
405.0,4.7,50,7
309.0,3.7,12,9
285.0,4.0,1,0
184.0,3.9,65,8
228.0,4.1,18,2
149.0,4.1,3,5
499.0,4.4,35,5
1019.0,5.0,1,3
2564.0,4.6,5,3
600.0,4.8,16,4
379.0,4.3,80,9
125.0,1.6,3,7
294.0,3.7,7,2
653.0,3.0,1,6
484.0,4.6,3,1
648.0,5.0,1,6
354.0,4.0,6,3
1900.0,3.8,3,1
390.0,4.5,220,2
352.0,4.9,16,3
1363.0,4.5,11,6
499.0,4.2,6,9
490.0,4.6,41,4
318.0,5.0,5,3
681.0,4.6,2,1
350.0,3.4,3,10
585.0,5.0,2,4
724.0,4.7,21,10
413.0,5.0,2,8
449.0,3.6,18,0
127.0,4.4,95,0
234.0,4.4,20,0
203.0,5.0,2,3
179.0,4.3,21,5
369.0,5.0,1,0
299.0,4.0,5,9
539.0,4.7,4,5
1032.0,4.0,8,0
478.95,4.2,17,7
325.0,3.9,9,1
547.0,4.5,19,9
218.0,3.9,606,1
374.0,3.5,4,5
130.0,5.0,1,0
556.0,4.0,1,6
330.0,4.6,54,4
463.0,5.0,1,4
149.0,5.0,3,9
409.18,4.3,17,5
695.0,4.4,29,1
221.0,4.3,74,6
301.0,4.3,6,0
181.0,5.0,2,10
269.0,4.1,68,5
369.0,3.3,3,1
417.0,4.6,7,1
1439.0,4.7,8,6
409.0,4.3,1248,0
319.0,4.0,35,2
1783.0,5.0,1,10
120.0,5.0,3,9
282.0,5.0,2,10
280.0,4.8,12,7
304.0,4.7,8,6
130.0,4.2,42,9
299.0,4.5,2,2
229.0,4.1,5,2
875.0,4.8,6,2
300.0,4.8,7,6
445.0,3.5,5,5
949.0,5.0,2,4
131.35,3.1,5,7
3042.0,5.0,1,6
247.0,4.7,11,0
310.0,3.9,41,7
116.0,4.0,112,9
1000.0,5.0,1,10
95.0,2.7,76,7
249.0,4.0,62,2
1114.5,4.0,3,6
184.0,4.7,20,3
199.0,3.9,17,9
843.0,4.9,13,10
1076.0,5.0,3,3
209.0,4.2,5,9
584.0,5.0,2,9
2799.0,4.0,1,4
119.0,4.2,153,9
324.0,5.0,9,3
320.0,4.2,18,7
130.0,4.0,220,3
295.0,4.0,2,4
2211.0,4.1,4,4
339.0,4.0,82,4
550.0,4.0,1,10
415.0,3.9,19,1
980.0,5.0,1,3
399.0,4.0,1,0
359.9,4.6,14,9
2442.0,4.1,82,5
407.0,4.5,6,4
97.0,2.7,5,7
345.0,2.1,3,7
712.0,1.0,1,4
260.0,4.6,6,0
323.52,4.1,42,5
292.0,4.5,25,5
186.0,3.8,20,0
218.0,4.5,2,0
911.0,4.3,5,3
322.0,3.9,261,2
1736.0,3.7,3,5
234.0,4.5,21,1
280.0,3.0,1,0
261.0,4.2,149,7
494.0,4.4,30,2
98.0,3.0,1,0
1620.0,3.1,9,1
249.0,2.0,1,5
629.0,4.0,1,3
479.0,5.0,3,5
39.0,3.3,3,2
69.0,4.1,56,1
349.0,5.0,4,0
420.0,4.7,295,2
354.0,4.7,4,3
1460.0,4.4,30,4
683.0,4.6,5,3
824.0,4.4,11,3
199.0,4.3,165,5
470.49,4.6,16,2
295.0,4.3,11,3
292.0,4.0,21,0
202.0,4.4,11,2
501.0,5.0,2,10
153.0,4.5,44,1
359.0,3.5,17,5
508.0,4.7,36,2
321.0,4.5,8,7
474.0,2.9,5,8
205.0,4.4,33,5
999.0,5.0,1,3
374.25,3.8,13,8
335.0,4.5,45,5
279.0,4.1,46,9
484.0,5.0,1,6
203.0,1.4,36,7
4289.29,5.0,1,4
484.0,4.7,12,1
265.0,4.5,40,1
350.0,4.0,1,0
626.25,4.4,11,8
88.0,3.6,6,5
1557.0,3.1,9,10
411.0,4.4,26,10
527.0,5.0,3,7
1610.0,5.0,4,4
449.0,4.7,16,3
862.0,4.5,2,10
560.0,5.0,2,0
373.24,2.5,3,0
139.0,4.3,74,7
473.21,5.0,6,2
467.0,4.7,5,10
175.0,4.0,5,5
999.0,3.9,6,3
235.14,5.0,9,0
459.0,4.0,1,5
198.0,4.2,34,0
1039.0,5.0,12,4
629.0,3.0,1,10
1128.0,5.0,5,3
125.0,3.7,8,3
369.0,4.6,3,7
759.0,5.0,4,3
560.0,4.5,22,1
106.0,4.1,450,5
206.0,3.6,123,5
7195.0,5.0,4,3
149.0,4.3,74,9
113.0,4.0,1,6
138.0,4.4,133,9
349.0,4.0,52,1
374.0,5.0,1,0
1124.0,5.0,3,6
727.0,3.8,9,4
378.0,5.0,4,8
1449.0,4.6,12,5
466.68,4.3,11,8
243.0,3.9,56,2
747.0,5.0,1,3
724.0,4.3,68,2
330.0,4.3,17,5
493.0,5.0,4,8
99.0,3.2,5,5
453.0,5.0,1,4
416.0,4.8,5,8
8999.0,5.0,1,3
465.0,4.4,34,2
139.3,4.8,27,0
1392.0,5.0,2,1
2747.0,4.6,64,4
770.0,5.0,1,7
1586.0,5.0,2,1
1094.0,5.0,1,10
399.0,5.0,1,5
386.0,4.1,18,7
496.0,3.5,9,8
299.0,4.0,14,5
520.0,3.8,4,7
296.0,1.0,1,7
748.0,4.7,7,8
409.18,4.7,5,5
199.87,4.4,21,7
577.0,4.3,30,7
128.0,4.3,10,7
534.0,5.0,1,4
539.0,5.0,2,10
123.0,4.4,47,7
247.0,5.0,2,7
117.0,4.2,298,0
262.0,3.7,51,5
519.0,4.0,2,10
131.0,5.0,1,0
377.0,4.0,1,9
709.0,3.0,1,10
209.0,4.5,2,3
590.0,4.3,6,1
379.0,4.7,70,9
482.0,4.6,50,2
1051.0,3.8,4,9
359.0,4.3,5,9
315.0,4.7,3,6
979.0,5.0,1,4
128.0,5.0,1,4
353.0,4.0,1,9
445.0,4.5,139,3
1285.0,5.0,1,1
704.0,3.0,1,10
166.0,4.2,14,0
275.0,4.1,12,0
1160.0,3.4,10,7
1476.79,5.0,2,10
981.0,5.0,1,3
219.0,5.0,3,3
678.0,4.8,13,3
398.0,3.4,14,4
243.0,4.5,18,0
573.0,4.5,2,5
249.0,5.0,6,5
680.0,4.6,41,2
374.0,5.0,2,1
2122.0,4.1,14,4
228.0,4.7,3,5
1071.0,3.1,4,10
183.0,3.5,6,7
740.0,4.1,55,8
524.0,4.5,2,8
452.0,4.8,5,6
740.0,5.0,10,7
419.0,5.0,4,4
265.0,4.7,14,5
99.0,4.0,83,5
521.0,4.4,15,1
244.0,3.9,60,5
1054.0,4.7,56,4
982.0,5.0,5,3
364.0,4.3,29,2
225.0,4.2,13,6
194.0,4.6,6,9
318.0,3.6,4,9
260.0,4.0,1,7
427.0,4.8,13,1
358.0,3.1,11,6
909.0,3.1,4,4
650.0,4.6,8,9
369.0,5.0,5,9
222.0,5.0,3,9
399.0,5.0,1,0
400.44,4.3,26,10
367.0,4.5,37,5
600.75,4.3,6,4
57.0,4.0,3,7
224.0,5.0,1,8
140.0,2.3,3,5
160.0,5.0,2,9
262.0,4.8,12,1
149.0,4.0,4,2
183.0,3.5,6,5
358.0,4.3,5,9
849.0,5.0,1,4
4860.0,5.0,1,4
122.0,3.6,79,9
176.0,5.0,4,10
354.0,4.7,4,6
209.0,5.0,8,2
280.0,3.4,12,7
296.0,4.7,37,5
477.0,3.9,19,0
1542.0,4.4,2,1
413.0,4.7,7,10
180.0,4.5,18,6
152.0,5.0,1,9
280.0,5.0,2,0
524.0,4.9,84,1
1399.0,4.3,4,3
364.0,3.9,41,5
261.0,4.5,4,0
300.0,4.2,19,0
328.0,3.4,16,7
319.0,3.0,2,1
850.0,1.0,2,6
299.0,4.6,34,6
336.0,4.6,3,0
542.0,2.7,3,5
274.0,4.0,2,5
724.0,5.0,1,8
269.0,4.0,33,2
1319.0,5.0,1,6
335.0,4.6,14,0
346.0,5.0,3,3
435.0,5.0,4,0
486.0,4.7,5,9
413.0,5.0,2,0
297.43,3.8,7,2
205.0,3.9,15,6
199.0,4.0,3,0
495.0,4.5,135,1
330.0,5.0,7,2
735.0,3.9,65,4
199.0,4.3,3,4
599.0,3.6,21,6
1808.0,4.4,6,4
525.0,4.7,15,3
249.0,3.4,8,9
280.0,4.1,4,5
618.0,5.0,2,0
1981.0,4.5,5,3
149.0,3.6,29,9
288.0,1.5,55,8
719.0,4.8,9,10
196.0,4.6,3,3
290.0,4.0,2,3
224.0,4.0,1,9
671.0,5.0,9,3
593.0,5.0,1,3
791.0,5.0,1,3
205.0,3.9,26,9
354.0,4.4,28,4
150.0,3.3,57,7
135.0,5.0,7,5
40.0,4.0,1,2
1028.0,5.0,4,0
279.0,3.7,8,0
437.78,5.0,1,3
118.0,5.0,3,1
221.0,4.5,4,2
699.0,4.2,3,6
908.0,4.0,1,10
7132.0,4.5,2,10
720.0,4.0,1,2
425.0,5.0,3,3
121.0,4.1,899,9
198.0,4.3,570,9
200.0,4.0,94,9
223.0,4.2,38,0
260.0,5.0,1,0
175.0,4.1,62,0
307.0,3.7,6,0
407.0,4.0,3,5
1358.0,3.8,5,1
824.25,3.9,10,7
499.0,4.2,8,4
243.0,4.1,36,2
559.0,4.0,1,8
300.0,4.5,6,10
349.0,2.8,38,7
399.0,4.5,54,5
899.0,5.0,1,10
779.0,3.8,7,6
109.0,3.8,19,5
449.0,5.0,1,3
1128.0,5.0,5,6
170.0,4.1,35,2
600.0,4.2,33,7
899.0,5.0,1,4
856.0,5.0,1,1
481.61,4.5,16,7
279.0,4.0,10,3
889.0,4.0,1,10
173.0,4.4,871,7
4276.0,5.0,1,3
500.0,3.5,8,5
825.0,5.0,8,6
596.0,4.5,2,9
490.0,2.0,2,7
499.0,1.0,1,0
228.0,4.8,6,4
399.0,4.4,111,2
164.0,4.0,1,5
2533.0,5.0,2,6
1720.0,4.5,12,1
1497.0,4.0,1,10
350.0,5.0,3,4
1298.0,5.0,3,1
294.0,4.4,25,1
106.0,4.4,356,5
1575.0,4.5,2,4
110.0,3.8,8,3
417.0,4.6,15,1
483.0,5.0,1,1
185.0,4.5,4,3
249.0,4.2,24,0
389.0,4.7,22,7
1023.0,4.8,8,10
638.0,4.0,1,7
410.0,4.1,3,6
209.0,4.7,8,0
158.0,4.2,154,2
140.0,4.4,87,0
299.0,4.3,113,2
255.0,3.7,9,9
324.0,3.5,2,8
243.0,4.5,249,2
57.0,4.8,14,7
261.0,4.0,1,8
146.7,4.2,13,0
659.0,5.0,2,5
69.0,4.2,27,2
553.0,5.0,1,0
2870.0,5.0,1,6
224.0,4.5,5,6
129.0,3.8,179,9
655.18,5.0,3,3
409.0,3.8,24,1
377.0,3.6,13,9
541.0,4.0,1,10
321.0,4.8,6,0
99.0,4.4,20,9
319.0,5.0,1,9
247.0,4.0,13,8
299.0,4.6,366,2
315.0,4.1,22,2
1100.0,5.0,3,4
373.0,5.0,1,6
98.0,5.0,1,5
399.0,5.0,1,0
1143.0,5.0,1,6
300.0,4.5,29,5
723.0,4.6,12,6
455.0,4.3,30,8
303.69,4.2,35,1
499.0,4.0,1,0
799.0,4.5,5,3
510.0,4.4,12,0
516.0,5.0,5,0
1732.0,5.0,1,1
200.0,3.9,50,9
849.0,4.0,4,10
183.0,4.5,33,7
320.0,4.5,49,9
243.0,3.9,25,0
470.0,5.0,1,4
427.0,3.7,3,5
400.0,3.0,2,8
99.0,3.9,76,6
1337.0,4.6,3,1
795.0,4.1,171,1
442.0,5.0,1,4
999.0,5.0,3,10
690.0,4.6,70,3
263.0,3.6,4,8
180.0,4.0,1,0
135.0,3.0,2,9
169.0,4.7,52,1
1330.44,4.1,9,4
469.0,5.0,1,6
898.0,5.0,3,6
900.0,4.4,102,4
225.0,3.4,545,2
580.0,4.6,2,10
2305.0,5.0,2,4
195.0,4.4,12,6
1827.0,5.0,3,8
329.0,4.0,1,9
225.0,3.4,8,4
360.0,5.0,2,10
167.0,4.6,494,5
110.0,3.2,3,0
342.0,4.1,37,5
409.0,4.5,20,2
439.0,3.7,48,10
300.0,4.6,9,9
204.0,2.5,2,6
358.0,4.0,7,2
272.0,1.0,1,0
294.0,4.5,100,2
2141.0,5.0,3,3
389.0,3.4,2,8
1158.0,4.4,5,10
304.0,4.2,6,5
799.0,5.0,1,8
200.0,4.2,19,9
360.0,4.2,20,5
878.0,3.8,4,3
177.0,4.5,42,7
699.0,4.0,1,5
279.0,4.4,84,2
184.5,4.1,5,3
496.0,4.6,31,8
498.9,4.5,2,0
1319.0,4.6,12,7
169.0,3.9,4,0
682.15,3.9,26,7
705.0,4.7,4,6
307.0,5.0,3,0
799.0,3.9,7,1
550.0,3.5,5,0
552.21,4.0,44,2
349.0,4.8,13,10
1839.0,3.4,2,5
1132.0,2.2,6,7
199.0,3.7,113,5
1439.0,4.7,8,3
909.0,5.0,1,4
150.0,3.1,2,5
1292.0,4.4,2,3
250.0,4.7,111,2
979.0,5.0,1,1
127.0,3.7,39,5
360.0,4.8,5,4
698.86,4.5,7,0
249.0,4.6,3,0
295.0,4.5,4,0
428.0,5.0,1,5
319.0,4.4,3,5
1450.0,5.0,2,1
229.0,5.0,5,5
339.0,5.0,3,3
360.0,4.8,9,9
371.0,3.6,8,5
470.0,3.5,3,10
304.0,4.2,32,3
674.0,5.0,1,4
369.91,4.0,13,7
459.0,4.6,41,3
315.0,5.0,1,0
99.0,4.0,1,6
599.0,4.0,1,8
662.0,4.0,3,6
1143.0,4.7,5,3
350.0,5.0,1,3
416.0,4.5,36,4
217.0,4.5,18,2
339.0,5.0,5,6
400.0,5.0,2,4
870.0,5.0,3,8
849.0,4.8,35,6
261.0,4.2,150,2
359.0,4.6,33,2
235.0,4.3,839,0
330.0,1.0,1,4
225.0,4.0,2,0
1458.0,4.8,9,10
1084.0,5.0,1,7
295.0,3.9,49,0
1000.0,3.8,14,1
601.0,3.3,3,1
1445.0,5.0,1,1
309.0,4.4,95,2
608.28,3.9,11,0
263.0,3.7,5,9
57.0,5.0,3,7
984.0,4.3,3,10
110.0,4.0,135,9
469.0,5.0,3,5
414.1,4.3,12,10
150.0,3.4,4,7
176.7,5.0,8,5
690.0,5.0,1,1
370.0,4.2,22,0
150.0,4.1,4,0
262.0,3.1,2,5
306.0,4.6,25,2
505.0,3.5,2,8
906.0,5.0,1,2
329.0,5.0,3,4
399.0,4.0,8,0
248.0,5.0,2,9
1419.0,4.7,15,4
206.0,4.7,59,0
234.0,4.4,8,7
203.0,4.4,38,7
414.0,4.5,17,0
304.0,4.5,22,1
39.0,3.9,59,7
309.0,4.0,1,2
500.0,4.5,2,10
460.0,4.3,15,0
999.0,4.1,6,4
248.0,5.0,1,5
699.0,3.6,9,8
899.0,5.0,1,3
427.0,5.0,4,3
900.0,5.0,1,10
620.44,3.5,4,10
395.1,5.0,1,8
566.0,4.3,16,2
1290.0,4.7,3,1
950.0,4.5,2,7
1640.0,5.0,1,10
570.0,4.6,3,9
415.0,5.0,4,2
460.0,3.9,27,4
288.0,4.0,29,5
1347.0,5.0,4,1
1273.0,3.7,5,4
158.0,5.0,4,6
3098.0,5.0,1,0
700.44,4.0,9,10
990.0,1.0,1,5
88.0,4.2,52,9
429.0,4.6,66,10
388.51,4.6,45,0
470.44,3.8,10,10
279.0,5.0,3,0
1642.0,5.0,12,4
125.0,5.0,1,0
667.74,3.8,4,1
352.0,4.5,15,2
369.0,4.3,29,4
656.0,4.8,13,3
5530.0,5.0,1,1
1077.0,5.0,16,9
460.0,4.9,17,8
224.0,4.2,6,0
419.0,4.5,44,2
301.0,4.7,32,6
2450.0,4.3,66,4
179.0,4.6,48,5
351.0,4.6,31,2
310.0,5.0,1,4
260.0,4.2,20,3
477.0,3.2,7,5
165.0,3.3,38,4
1443.48,4.0,2,5
514.0,4.0,35,5
273.0,4.5,358,2
315.0,4.6,36,3
414.0,4.8,15,2
2501.0,5.0,2,4
199.0,5.0,10,2
450.0,5.0,3,1
239.0,4.2,47,5
358.0,4.0,2,0
799.0,4.0,2,2
206.0,4.4,13,0
2230.0,4.4,2,4
309.0,4.1,13,5
498.0,2.6,3,0
149.0,4.5,8,5
384.0,5.0,2,5
546.0,4.2,54,2
1055.0,4.0,7,0
986.0,4.5,4,6
853.0,4.7,7,3
153.0,4.4,30,6
258.0,5.0,2,0
418.0,4.6,7,7
304.0,4.7,54,3
429.0,4.4,97,10
402.0,4.0,3,5
158.0,5.0,1,0
239.0,4.7,7,0
683.0,3.9,7,4
300.0,4.1,19,0
177.0,5.0,1,4
1304.0,4.8,8,6
451.0,4.5,2,9
399.0,4.5,26,2
154.0,4.0,134,5
2556.0,4.0,8,3
1571.0,5.0,1,10
304.0,4.6,77,0
371.0,5.0,1,6
162.0,5.0,13,10
1424.0,5.0,3,3
749.25,4.8,6,4
446.0,4.0,9,8
220.0,4.2,26,7
699.0,4.5,10,3
131.35,5.0,1,2
1333.0,4.5,2,1
220.0,3.0,11,5
288.0,4.3,356,9
300.0,4.0,1,6
439.0,5.0,1,0
205.0,3.9,12,8
159.0,4.3,853,9
258.0,4.1,10,0
1341.0,4.3,31,3
393.0,5.0,1,9
374.25,4.6,3,2
225.0,4.5,30,2
545.0,5.0,1,6
363.0,4.6,10,3
1255.0,4.5,7,1
352.0,3.2,2,3
319.0,4.3,30,0
460.0,2.7,280,8
162.0,4.7,6,4
416.0,5.0,3,0
70.0,2.7,31,2
355.0,4.6,14,8
499.0,4.6,29,10
425.0,4.5,2,10
867.0,4.2,3,10
299.0,4.4,3,3
78.0,3.7,12,7
524.0,4.4,2,7
339.0,3.4,4,0
80.0,4.2,76,2
870.75,4.6,3,2
200.0,4.3,7,5
158.0,3.1,6,7
237.0,4.7,15,3
200.0,4.7,42,2
311.0,5.0,1,6
578.0,5.0,2,5
299.0,4.8,6,2
427.0,4.2,30,4
703.0,4.1,26,5
486.0,4.4,8,6
82.0,3.8,8,3
466.68,4.8,104,0
95.0,4.6,3,5
170.0,3.3,15,7
371.0,4.4,56,0
350.0,4.3,118,0
398.0,5.0,1,1
275.0,3.6,11,5
892.0,5.0,2,9
599.0,4.9,12,0
703.0,4.0,1,5
523.0,3.8,16,5
320.0,5.0,1,6
1020.0,4.5,2,2
321.0,4.6,10,3
782.0,3.3,14,5
39.0,4.3,7,2
360.0,5.0,2,6
692.23,5.0,1,5
711.0,4.4,3,4
1879.0,5.0,1,6
188.0,4.3,18,2
119.0,3.5,2,7
118.0,4.1,10,10
1199.0,4.0,3,6
120.0,4.0,2,7
304.0,4.4,13,7
349.9,4.0,2,6
181.0,4.1,1563,6
202.0,3.7,95,5
356.0,5.0,1,7
239.0,4.3,18,9
319.0,3.9,120,0
621.0,4.6,20,2
1020.0,4.0,16,4
111.0,4.9,11,0
337.0,4.2,69,6
263.0,3.4,3,6
199.0,5.0,3,8
479.0,4.0,1,0
4175.0,4.7,122,3
474.5,4.8,17,4
248.0,4.4,11,6
166.0,3.2,74,2
210.0,4.4,37,3
338.0,5.0,1,10
719.0,4.2,26,9
359.0,4.3,42,2
445.0,4.5,2,10
245.0,4.6,19,10
378.0,4.5,61,9
533.0,4.9,13,6
199.0,3.2,2,1
385.0,5.0,1,10
130.0,4.4,3,0
236.0,4.5,36,3
224.0,4.7,5,0
237.0,4.1,15,5
267.54,1.5,2,9
50.0,5.0,1,0
445.0,4.5,22,4
311.0,4.2,41,5
611.0,4.4,54,6
583.1,5.0,1,0
1261.0,3.6,2,4
1699.0,5.0,1,10
479.0,4.6,2,5
443.0,4.8,136,6
454.0,4.7,4,10
1251.0,3.0,3,6
1849.0,4.4,121,0
242.0,3.9,3,7
559.0,4.4,79,1
497.56,4.4,10,2
278.0,3.6,15,5
113.0,2.5,2,9
159.0,3.6,5,9
936.0,4.5,25,4
45.0,4.0,1,8
466.0,4.1,163,2
242.0,3.9,10,0
149.0,5.0,3,0
335.0,4.2,24,0
233.0,5.0,1,10
269.0,4.6,3,4
4500.0,5.0,1,4
345.0,3.8,11,4
425.0,4.0,1,1
463.0,5.0,2,6
155.0,3.7,57,6
539.0,3.5,8,8
1038.0,4.6,7,3
1169.0,3.8,4,4
1000.0,3.9,11,6
349.0,4.0,8,10
224.0,4.0,1,6
199.0,4.0,16,9
255.0,4.3,33,2
470.0,4.0,1,1
282.0,5.0,7,9
414.0,3.7,18,3
990.0,5.0,1,6
746.0,5.0,1,1
748.0,5.0,2,6
110.0,4.0,4,5
213.0,3.6,5,7
262.0,5.0,2,5
99.0,4.2,5,5
387.0,4.7,68,0
737.0,5.0,1,3
308.0,4.4,5,3
237.0,4.3,8,6
1679.0,4.2,4,4
523.0,4.6,14,7
188.0,4.5,9,7
318.0,3.6,10,5
728.0,4.5,2,0
1128.8,4.1,44,7
905.0,5.0,2,6
646.52,3.5,7,8
311.0,4.5,2,5
201.0,4.1,1259,5
276.0,4.7,3,3
448.0,4.4,57,6
348.0,4.8,10,2
608.0,4.0,3,4
559.0,4.5,28,2
515.0,4.8,15,3
110.0,4.0,1,9
624.0,4.8,21,3
1030.0,4.6,76,1
339.0,4.6,221,2
373.24,4.4,8,2
655.0,4.5,15,4
274.0,5.0,5,6
912.0,4.6,6,9
270.0,3.4,20,4
379.0,3.0,1,5
394.0,5.0,3,2
152.0,3.8,16,1
120.0,4.0,49,2
747.0,5.0,2,3
479.0,4.0,5,0
428.0,4.5,10,10
479.0,5.0,1,8
374.0,3.0,1,5
824.0,5.0,5,2
724.0,4.5,2,10
490.0,5.0,1,1
474.0,3.2,9,5
203.0,3.7,20,2
1389.0,4.0,1,10
456.0,4.3,12,8
518.0,3.5,7,4
524.0,5.0,2,6
207.0,4.3,27,9
359.0,4.7,4,0
48.0,4.2,3,2
297.0,4.0,2,4
299.0,4.1,9,10
529.0,4.8,7,9
664.0,5.0,1,6
158.0,3.9,200,5
100.0,3.9,2,7
437.0,4.4,42,9
263.0,2.5,97,8
454.0,4.5,2,2
256.0,4.4,8,5
989.0,4.5,2,7
449.0,3.8,15,6
227.0,4.0,2,0
248.0,4.0,1,5
170.0,3.1,2,7
70.0,4.8,13,2
440.0,4.6,35,2
183.0,4.1,9,7
1499.0,4.0,5,7
375.0,3.0,3,4
131.0,3.9,215,9
215.0,3.8,9,5
295.0,4.2,26,0
166.0,5.0,4,9
238.0,4.3,21,5
247.0,4.5,2,10
102.0,4.3,37,7
380.0,4.1,15,6
366.0,4.7,7,4
179.0,4.1,10,5
470.0,4.2,17,4
311.0,5.0,3,2
179.0,4.4,21,5
349.0,4.2,15,0
336.0,3.9,12,5
90.0,3.9,53,7
130.0,4.0,1,5
373.0,4.0,6,5
563.0,4.3,46,6
649.0,3.8,5,3
399.0,4.0,3,5
1000.0,5.0,2,3
213.0,4.2,34,5
199.0,4.3,30,5
450.0,4.2,18,5
154.0,4.3,38,2
205.0,3.9,12,2
282.0,4.5,2,8
599.0,3.0,1,0
186.0,4.4,70,2
2533.0,5.0,2,3
479.0,4.8,8,3
131.35,5.0,1,9
388.0,4.7,4,9
365.0,4.5,49,5
268.0,3.8,6,0
285.0,4.7,9,7
1403.0,4.7,10,3
374.0,4.7,5,5
949.0,4.0,20,4
76.0,3.8,3,3
260.0,4.4,62,4
719.0,4.0,1,0
1850.0,5.0,1,1
373.0,4.6,3,7
247.0,3.9,120,5
499.0,5.0,2,7
658.0,4.3,4,0
776.0,4.3,6,3
1430.0,4.7,4,5
338.0,4.4,80,2
702.0,5.0,2,6
920.0,5.0,1,1
25.0,3.7,7,2
153.0,4.3,49,9
390.0,4.8,16,5
361.0,4.2,51,2
375.0,4.5,2,5
857.0,4.6,32,8
1119.0,3.9,3,4
280.0,4.4,13,5
616.0,5.0,1,3
800.0,5.0,1,4
418.0,4.8,9,1
199.0,5.0,1,4
299.0,3.9,46,7
499.0,4.7,6,0
387.0,4.5,29,5
503.0,4.0,15,7
322.0,4.8,14,10
316.0,4.7,3,4
295.0,3.5,80,0
559.0,3.9,3,5
576.0,4.0,3,4
285.0,4.5,2,2
324.0,4.4,5,6
254.0,4.2,26,10
299.0,3.9,16,8
399.0,4.2,15,0
1130.0,4.4,5,10
299.0,4.5,2,10
247.0,4.6,2255,2
1099.0,4.0,2,10
224.0,3.8,57,5
1399.0,3.9,6,0
334.0,4.5,17,1
5600.0,4.7,15,0
359.0,4.3,28,0
170.0,4.8,6,3
280.0,4.3,3,6
738.0,5.0,4,3
299.0,4.7,59,9
206.0,5.0,1,0
2403.0,4.5,727,0
440.0,4.6,31,1
276.0,4.0,1,9
580.0,2.0,1,3
299.0,4.6,43,5
352.36,4.0,25,0
319.0,4.2,133,2
185.0,1.0,1,7
400.0,3.8,4,7
180.0,3.8,52,2
505.0,4.0,1,10
250.15,4.4,3,5
423.45,3.0,2,8
399.0,4.7,5,5
427.0,4.1,16,0
157.0,5.0,1,0
418.0,3.9,8,0
179.0,4.2,26,5
380.0,4.9,15,2
479.0,4.4,11,2
337.0,3.6,4,5
377.0,4.3,111,2
500.0,5.0,1,7
621.0,4.5,2,1
156.0,3.8,45,9
5177.66,4.4,4,7
309.0,4.0,13,10
423.0,5.0,1,9
702.0,5.0,1,3
275.0,4.4,7,1
1044.0,5.0,4,0
4093.0,4.1,10,4
501.0,3.5,2,8
339.0,4.5,2,3
224.0,4.5,5,2
195.0,4.4,26,6
599.0,4.0,1,10
282.0,4.4,30,9
191.0,4.4,90,9
352.36,3.4,8,2
550.0,5.0,1,7
259.0,5.0,2,0
380.0,5.0,2,4
142.0,2.9,2,5
250.0,2.6,3,6
210.0,3.4,545,8
406.0,3.4,11,2
390.0,3.8,37,7
299.0,4.4,16,5
479.0,5.0,2,6
556.0,4.7,4,0
1044.0,4.5,8,9
179.0,4.1,32,2
820.0,4.4,12,4
346.68,4.6,14,0
399.0,4.1,12,6
1029.0,4.1,568,8
571.0,4.0,7,4
159.0,4.3,80,9
166.0,4.1,54,9
271.0,5.0,1,1
317.0,4.6,2,0
231.0,4.4,15,4
2129.0,4.4,3,4
624.0,4.7,7,0
299.0,4.1,6,5
1618.0,4.0,1,10
284.0,3.0,1,8
357.0,5.0,1,7
299.52,5.0,3,0
907.0,4.3,34,2
862.0,3.3,8,4
657.0,5.0,1,7
559.0,4.9,11,10
272.0,4.2,15,3
176.0,4.3,7,7
282.0,5.0,2,6
743.0,5.0,1,1
276.0,2.0,1,9
1455.0,4.7,11,3
227.0,4.5,27,2
1399.0,5.0,2,4
199.0,3.7,33,2
818.0,4.3,32,1
259.0,4.0,4,4
275.0,4.5,40,1
572.0,5.0,2,8
373.0,4.5,8,6
398.0,5.0,5,8
399.0,5.0,2,6
480.0,3.8,9,4
262.0,4.5,429,2
228.0,4.0,370,8
324.0,5.0,9,6
799.0,3.9,14,3
461.0,5.0,1,1
36.0,4.1,23,1
395.0,4.1,4,10
374.0,5.0,2,10
1150.0,3.3,2,4
373.0,3.7,11,5
324.16,4.1,7,0
373.0,5.0,1,3
310.0,4.2,21,0
897.0,5.0,1,10
425.0,4.8,30,0
265.0,4.5,4,7
579.0,3.8,11,1
383.0,4.4,3,5
250.0,5.0,32,9
838.0,4.4,3,10
482.0,4.2,296,7
363.0,4.0,2,10
899.0,5.0,1,9
250.0,5.0,1,9
767.0,3.0,2,10
118.0,4.4,60,2
469.0,4.0,1,10
747.0,5.0,2,3
263.0,3.1,2,0
419.0,5.0,8,0
1275.0,4.7,7,8
499.0,4.3,124,2
2764.0,4.2,85,4
286.0,3.2,4,5
250.0,4.3,10,0
1366.0,5.0,2,1
499.0,3.9,4,8
125.0,3.2,14,7
330.0,4.5,2,5
399.0,5.0,11,0
995.0,5.0,1,6
349.0,5.0,1,10
350.0,5.0,1,9
399.0,3.7,9,8
1884.62,5.0,1,1
207.0,5.0,1,5
338.0,2.0,1,5
277.0,3.4,6,3
114.0,3.8,9,7
369.0,5.0,7,3
370.0,3.6,5,4
2733.0,5.0,3,6
110.0,3.8,252,8
259.0,4.3,99,0
156.0,3.8,10,9
330.0,5.0,1,6
735.0,5.0,2,10
260.0,4.0,1,5
990.0,5.0,4,0
210.0,3.1,5,4
1575.0,4.2,4,7
557.0,3.2,16,1
380.0,4.4,8,4
399.0,4.7,36,1
390.0,4.9,13,3
51.0,5.0,3,7
476.0,4.2,19,4
716.0,5.0,2,8
1545.0,4.6,78,1
236.0,4.5,15,10
1783.0,4.1,4,3
413.0,3.4,16,8
166.42,4.4,95,0
854.0,5.0,11,6
479.0,4.0,1,3
472.0,4.5,11,1
894.0,4.0,2,7
150.0,5.0,1,0
350.0,4.7,43,2
838.59,5.0,2,8
539.13,3.3,5,1
210.0,4.2,114,0
230.0,4.5,79,5
299.0,4.1,27,2
275.0,4.4,23,7
650.0,5.0,5,8
279.0,4.8,6,9
750.0,4.4,20,4
698.0,1.0,1,10
200.0,4.4,16,5
359.0,4.3,27,8
322.0,4.3,7,0
999.0,5.0,1,7
1974.0,5.0,2,3
346.0,4.5,111,3
180.0,4.2,4,7
212.0,4.4,25,7
578.88,4.4,18,10
449.0,4.5,6,1
271.0,4.5,5,9
235.0,4.0,14,1
470.0,3.0,2,4
539.0,3.0,2,9
150.0,4.2,172,9
199.0,4.0,2,5
684.0,4.2,9,4
1576.0,4.3,6,4
364.0,4.5,32,3
569.0,4.3,26,7
474.0,5.0,5,3
2068.0,4.5,5,7
251.0,4.1,119,2
245.0,3.5,29,5
247.0,4.7,11,5
2733.0,5.0,3,5
142.0,4.7,5,0
970.0,3.8,4,1
416.0,4.6,238,2
460.0,5.0,2,4
290.0,4.5,95,2
429.0,4.3,10,0
569.0,5.0,2,4
200.0,5.0,1,4
452.0,3.8,4,1
159.0,4.2,114,9
799.0,5.0,3,3
191.0,5.0,1,10
580.0,5.0,2,2
580.44,4.4,16,2
1200.0,4.6,11,4
249.0,4.4,40,8
479.0,5.0,1,0
207.0,5.0,1,5
341.0,4.7,4,3
339.0,4.4,3,5
249.0,4.6,695,2
2018.0,4.5,2,3
1060.0,4.7,5,4
115.0,4.3,22,5
70.0,4.8,13,8
852.0,5.0,3,1
178.0,4.0,35,2
2475.0,5.0,1,7
323.0,4.3,161,3
434.0,3.0,1,7
2320.0,5.0,1,1
999.0,5.0,1,7
429.0,5.0,1,1
207.0,4.3,66,5
295.0,5.0,3,9
182.0,4.6,117,5
196.0,3.0,1,0
216.0,3.8,16,0
427.0,5.0,1,7
135.0,3.9,26,0
433.0,5.0,2,6
159.0,4.1,39,7
69.0,4.1,28,7
461.0,5.0,2,1
522.0,4.3,12,1
374.0,4.3,23,6
299.0,5.0,2,5
394.2,5.0,1,2
269.0,3.9,21,7
499.0,3.5,5,4
599.0,5.0,2,0
899.0,4.2,3,3
275.0,3.4,3,10
149.0,5.0,2,6
262.0,5.0,2,0
200.0,4.5,6,10
1130.0,5.0,2,1
1032.0,5.0,2,1
365.0,4.1,12,5
471.0,5.0,4,1
709.0,4.4,4,4
558.0,5.0,2,3
239.0,5.0,7,0
580.0,5.0,1,10
374.0,4.0,2,0
1600.0,5.0,1,7
383.0,4.7,4,4
416.0,5.0,7,2
314.0,5.0,1,10
417.0,4.6,2,5
177.0,4.5,2,0
339.0,5.0,1,10
440.0,3.0,3,8
1071.0,4.2,7,1
550.0,3.3,5,3
396.0,3.0,1,5
487.0,5.0,45,3
349.0,1.0,5,1
2394.0,4.7,13,3
580.0,5.0,4,6
324.0,2.2,3,0
154.0,4.9,18,7
217.84,3.9,50,0
460.0,5.0,1,10
2531.0,3.7,4,4
224.0,4.2,11,10
418.0,4.3,129,1
299.0,4.9,16,5
225.0,4.3,7,3
239.0,4.0,175,6
387.0,3.7,12,4
481.0,5.0,1,6
427.0,4.6,9,10
629.0,4.0,3,7
394.0,4.0,10,2
296.0,4.6,3075,7
3548.0,4.6,7,1
1039.0,4.4,4,2
1557.0,4.5,7,1
803.0,5.0,1,1
453.78,4.8,37,2
388.0,5.0,3,3
420.0,3.5,2,8
618.0,4.2,20,3
156.0,3.7,121,1
445.0,5.0,2,7
575.0,4.5,25,7
190.0,4.1,22,9
2559.0,3.5,2,4
295.0,3.7,11,7
1094.0,4.5,2,10
101.0,3.8,80,9
147.0,4.3,8,8
1411.0,2.0,1,3
515.0,5.0,1,8
270.0,3.8,6,3
189.0,4.2,4,0
1147.0,5.0,2,8
364.0,4.4,212,3
750.0,3.5,6,4
267.54,5.0,4,2
460.0,4.8,52,10
115.0,5.0,2,5
304.0,4.7,8,3
600.0,4.4,15,4
224.0,3.8,57,9
367.0,4.7,5,1
483.0,4.3,15,0
610.0,4.7,80,3
225.0,4.3,7,4
1706.0,4.3,9,10
319.0,4.4,7,5
384.23,4.5,15,2
140.0,4.6,101,9
824.0,5.0,2,3
1369.0,4.5,434,0
390.0,4.0,10,10
573.0,3.7,3,0
267.54,4.4,14,5
302.0,4.8,10,2
215.0,3.5,7,8
439.0,4.3,30,3
650.0,5.0,1,6
203.0,3.9,22,7
138.0,3.9,10,0
332.0,4.5,2,8
600.0,4.7,9,4
330.0,4.8,5,10
300.0,4.0,13,1
299.0,4.3,8,1
199.0,4.0,1,9
1585.0,4.7,4,10
302.0,3.9,13,2
196.0,4.1,126,7
639.0,5.0,1,10
286.0,5.0,1,3
328.15,4.7,5,6
214.0,4.0,1,5
199.0,4.5,2,0
1375.0,4.6,3,10
315.0,3.0,1,7
369.0,3.7,19,9
392.0,4.4,27,10
1144.5,3.7,3,1
244.13,4.0,1,8
409.18,4.4,18,10
855.0,5.0,1,4
208.0,4.5,2,7
449.0,4.6,7,4
2036.0,5.0,1,7
188.0,4.2,86,6
263.0,5.0,2,0
1618.0,5.0,1,10
149.0,3.4,24,5
134.0,5.0,4,2
1671.9,4.5,74,5
1169.22,4.0,2,1
313.0,4.8,8,9
405.0,4.1,29,6
274.0,4.7,16,0
747.0,3.8,8,7
561.0,4.5,225,8
949.0,4.5,2,1
1149.0,2.0,1,1
344.91,4.5,8,7
809.0,4.6,14,1
318.0,3.7,15,9
399.0,3.9,5,9
309.0,4.6,6,0
259.0,3.9,7,8
325.0,5.0,1,4
1380.0,5.0,2,1
435.0,3.6,33,6
379.0,4.7,20,0
674.25,4.5,2,0
420.0,4.1,7,8
401.0,4.0,30,1
345.0,3.9,74,8
844.35,3.8,5,8
140.0,4.1,353,9
339.0,4.3,13,0
338.0,4.2,19,9
281.0,4.6,34,0
247.0,4.5,54,2
445.0,3.0,2,4
90.0,4.0,1,3
330.0,4.2,15,0
675.0,5.0,4,1
223.0,5.0,1,6
362.0,4.7,107,2
1434.0,5.0,1,1
630.0,5.0,5,6
239.0,4.6,98,5
482.0,4.1,15,1
253.0,5.0,2,8
299.0,4.5,2,1
449.0,4.5,2,6
749.0,5.0,3,6
407.5,4.3,48,0
89.0,4.5,35,7
574.9,5.0,1,10
360.0,2.0,1,2
255.0,3.7,5,0
719.0,5.0,2,3
250.0,4.7,328,2
503.0,5.0,1,9
219.0,4.5,2,0
1590.0,4.9,52,6
369.0,2.7,4,10
409.0,4.6,63,2
344.0,4.4,15,3
319.0,4.2,11,5
185.0,4.4,11,5
417.0,5.0,1,6
364.0,3.5,2,6
445.0,5.0,3,10
109.0,3.4,53,7
295.0,4.2,20,4
469.2,4.5,2,8
204.0,2.5,2,9
176.7,5.0,8,9
225.0,4.4,29,5
299.0,4.0,1,5
900.44,4.5,17,9
379.0,4.0,17,0
248.0,4.2,3,7
130.0,4.4,8,9
279.3,4.6,18,2
150.0,3.7,17,4
153.0,4.3,170,2
399.0,4.0,1,2
713.0,5.0,1,10
403.0,3.8,8,9
4455.0,3.0,2,4
385.0,4.7,7,7
600.0,4.2,4,10
497.0,3.9,15,5
2059.0,5.0,2,10
279.0,4.8,6,5
728.0,4.7,21,2
646.47,4.1,6,10
2263.0,3.5,16,0
308.0,3.9,13,1
241.9,5.0,1,3
1928.0,5.0,1,4
856.0,4.5,14,7
230.0,4.1,1256,0
559.0,4.8,8,1
266.0,4.4,7,3
239.0,4.3,38,9
486.0,4.4,8,3
299.0,4.8,68,2
300.0,4.7,67,0
191.0,5.0,1,3
352.0,4.6,238,2
200.0,4.5,6,2
976.0,4.3,9,10
180.0,4.1,27,9
426.0,5.0,4,9
344.0,4.0,7,5
851.0,3.6,4,10
416.0,4.1,22,3
1173.0,5.0,5,6
185.0,4.5,2,5
374.0,5.0,1,0
272.0,3.4,8,0
639.0,2.5,2,10
233.22,4.6,150,2
426.0,5.0,1,10
764.0,4.8,13,7
2871.0,5.0,1,4
395.0,5.0,2,3
400.0,4.8,9,8
159.0,4.4,16,9
159.0,4.0,36,10
189.0,4.3,23,5
209.0,3.7,3,7
176.0,4.1,162,2
950.0,3.8,2,6
224.0,4.0,24,5
224.0,4.8,92,2
399.0,4.4,3,0
405.0,4.8,7,0
323.52,5.0,1,6
575.0,4.2,8,4
322.0,4.2,7,0
290.0,3.7,35,5
391.89,4.0,1,0
749.0,5.0,1,6
188.0,3.4,7,3
479.0,4.7,5,1
286.0,4.0,18,7
426.0,3.2,5,6
450.0,4.0,5,6
395.1,4.6,15,2
647.0,4.7,20,6
364.0,3.9,41,0
295.0,4.3,34,8
474.0,5.0,5,3
399.0,3.2,8,8
413.0,4.2,14,6
890.0,5.0,1,1
320.0,3.9,270,9
221.0,4.3,23,5
483.0,4.7,84,2
559.0,3.8,5,6
273.0,4.0,9,0
1931.0,4.3,4,6
247.0,3.7,154,5
989.93,3.9,11,4
360.0,4.8,11,2
181.0,4.1,67,9
417.68,5.0,3,10
319.0,4.5,12,5
473.09,4.4,7,3
3098.0,5.0,1,0
323.0,4.1,2,7
226.0,4.0,1,6
359.0,4.3,63,4
299.0,5.0,7,0
311.0,4.4,14,2
600.44,5.0,2,1
857.0,3.8,22,7
225.0,3.0,1,4
2166.0,5.0,4,1
474.0,3.6,8,7
1075.0,4.5,2,6
568.0,4.5,9,10
200.0,3.7,20,2
589.0,4.6,3,0
463.0,4.2,10,9
323.0,4.5,97,3
450.0,4.2,3,1
186.0,4.5,2,3
590.0,5.0,6,9
1398.0,4.0,1,0
1199.0,3.4,3,6
187.0,4.6,7,0
299.0,4.4,19,8
383.0,5.0,1,7
544.0,4.5,4,1
369.0,3.9,16,9
648.0,4.5,2,6
98.0,3.3,43,7
354.0,4.0,84,2
2899.0,4.5,2,1
587.0,5.0,3,9
250.0,2.8,24,2
423.24,5.0,2,1
128.0,3.9,10,9
1159.0,4.0,1,1
420.0,4.1,7,5
359.0,4.6,2,9
245.0,4.2,297,5
247.0,4.7,41,4
150.0,4.6,121,1
1109.0,5.0,2,1
398.0,5.0,4,3
999.0,5.0,4,0
247.0,3.9,17,5
1009.0,4.9,9,6
781.0,4.1,2,8
449.0,4.1,28,5
108.0,1.0,1,5
99.0,4.5,7,6
250.0,5.0,1,6
369.0,4.8,10,1
311.0,3.9,6,1
272.0,3.3,3,5
250.0,3.8,74,8
7302.0,4.0,1,10
4041.86,5.0,1,0
1672.0,5.0,8,5
3950.0,4.5,5,4
2685.0,4.7,5,1
1233.0,5.0,4,10
503.0,4.3,30,9
701.0,4.4,10,1
860.44,4.6,5,7
275.0,4.2,30,5
999.0,1.0,1,4
143.0,4.2,16,0
600.0,5.0,1,8
350.44,4.8,8,10
189.0,4.1,28,7
499.0,3.9,16,8
239.0,5.0,8,8
265.0,4.5,10,8
701.0,4.3,4,10
355.0,4.3,9,3
361.0,5.0,3,0
285.0,5.0,1,8
806.22,3.6,29,2
1109.0,3.0,2,10
439.0,5.0,2,1
409.0,3.5,13,5
969.0,5.0,59,9
567.0,4.4,3,4
74.0,5.0,2,7
150.0,4.1,49,5
309.0,4.6,12,8
413.0,4.6,2,9
800.0,5.0,1,1
700.0,4.7,11,4
150.0,3.9,5,4
1600.0,5.0,1,4
852.0,3.5,13,1
149.0,4.0,1,10
280.0,5.0,3,0
1853.0,2.4,8,7
308.0,3.4,5,2
375.0,5.0,2,8
135.0,4.6,3,7
247.0,4.0,1,5
94.84,5.0,1,10
68.0,3.9,10,1
1999.59,5.0,13,6
459.0,5.0,1,1
862.0,4.5,4,6
115.0,4.2,4,5
541.37,3.3,52,8
199.0,4.4,3,9
740.44,4.0,1,7
824.0,4.0,2,1
598.88,5.0,2,10
1400.0,5.0,2,4
205.0,5.0,1,1
309.0,4.2,21,0
950.0,5.0,1,6
372.0,3.7,14,9
200.0,4.5,10,9
371.0,4.5,2,7
435.0,4.4,63,7
423.0,4.6,3,5
299.0,3.8,20,5
225.0,5.0,4,3
446.0,4.8,9,1
327.0,4.4,3,9
358.0,4.4,3,2
329.0,4.5,6,5
259.0,1.0,1,1
379.0,3.9,2,9
355.0,5.0,3,9
214.0,4.1,76,7
2000.0,4.5,2,4
170.0,4.0,1,9
59.0,4.4,902,2
449.0,3.3,5,6
360.0,5.0,1,0
390.0,4.6,7,10
427.0,4.7,3,10
215.0,4.1,12,7
402.0,4.5,38,2
317.0,4.3,5,2
881.0,5.0,1,0
247.0,4.2,32,5
299.0,4.8,6,0
175.0,3.7,16,5
66.0,4.3,397,0
304.0,4.5,212,0
146.0,5.0,1,6
404.0,4.3,16,2
118.0,4.4,2,6
450.0,4.5,2,6
572.0,5.0,3,6
309.0,4.3,57,5
861.0,4.4,15,6
157.0,3.5,2,3
444.0,4.4,124,2
70.0,4.1,199,7
2677.0,3.9,4,4
99.0,4.6,3,0
376.0,4.0,6,6
600.0,4.7,11,10
449.0,3.6,17,6
349.0,4.0,10,4
399.0,4.0,1,6
449.0,5.0,1,3
229.0,3.4,6,10
311.0,5.0,3,10
235.2,3.9,3,0
390.0,5.0,5,6
2384.0,4.8,7,3
2208.0,5.0,2,6
1026.0,3.9,5,6
350.0,4.3,3,0
481.95,3.3,6,0
170.0,4.0,10,3
350.0,4.7,29,8
371.0,4.7,4,0
479.0,3.0,1,6
6415.0,5.0,2,3
210.0,4.6,97,2
234.0,4.4,20,0
294.0,5.0,1,8
140.0,5.0,1,0
400.0,5.0,3,4
374.0,3.1,4,10
499.0,4.7,12,4
436.1,5.0,1,5
311.0,4.2,30,5
378.0,3.9,41,0
224.0,4.2,33,9
239.0,4.4,19,10
310.0,4.1,74,10
347.0,4.6,14,4
349.0,4.6,3,0
612.25,5.0,1,6
238.0,4.3,9,9
149.0,4.0,1,9
324.0,3.9,42,5
1083.0,1.0,1,6
466.0,4.4,28,3
1286.23,4.3,5,4
185.0,4.0,8,0
1434.86,4.5,2,6
170.0,4.0,2,3
1075.0,4.6,5,4
3645.0,5.0,1,1
399.0,4.0,13,2
240.0,4.0,70,2
2516.0,5.0,1,1
985.0,4.5,2,9
176.0,4.3,6,2
712.0,4.4,11,2
344.0,5.0,1,9
127.0,3.0,8,7
265.0,4.7,14,0
329.0,4.0,9,0
243.0,4.3,128,9
229.0,4.5,16,5
800.0,3.9,13,10
295.0,5.0,4,7
445.0,4.5,139,2
299.0,4.5,106,5
600.0,4.5,4,0
745.0,4.1,11,2
221.0,4.3,21,0
339.0,4.9,9,4
1389.0,5.0,1,5
259.0,4.2,16,5
411.0,5.0,1,7
224.0,3.7,8,3
837.0,4.8,5,5
179.0,4.3,49,10
167.0,4.7,615,2
2748.97,5.0,4,3
369.0,4.0,5,5
627.0,5.0,1,3
818.0,3.7,17,6
326.0,5.0,1,10
346.0,5.0,4,1
1779.14,5.0,1,10
215.0,4.8,6,0
950.0,3.8,25,4
411.0,4.6,10,0
220.0,5.0,3,0
248.0,4.2,5,5
850.0,4.0,1,8
399.0,4.4,26,5
908.0,3.3,5,4
750.0,4.8,6,1
6911.0,5.0,1,3
5811.0,3.1,6,4
499.0,3.9,8,4
379.0,4.3,15,5
194.0,3.8,32,9
721.0,4.2,3,1
40.0,4.5,2,1
415.0,3.9,421,8
299.0,4.6,35,0
350.0,4.2,25,4
384.0,4.3,3,0
854.0,5.0,1,7
559.0,5.0,5,10
616.0,5.0,3,6
1200.0,3.9,14,4
440.0,3.4,8,0
270.0,5.0,2,10
1080.0,4.3,5,7
282.0,3.2,3,5
149.0,4.1,2,0
1298.0,4.5,2,1
632.0,4.4,3,1
199.0,1.5,2,5
301.0,5.0,1,10
634.0,5.0,2,4
374.0,5.0,1,6
479.0,5.0,1,2
4557.0,5.0,2,6
463.0,4.5,8,2
289.0,5.0,1,6
559.0,4.5,155,2
2999.0,4.5,43,8
1030.0,3.8,14,7
88.0,4.1,121,9
272.0,4.2,15,6
284.0,5.0,2,5
289.0,3.2,2,10
405.0,4.6,351,10
440.0,3.9,19,0
106.0,3.8,20,8
499.0,5.0,2,0
681.0,1.0,1,9
249.0,4.2,60,5
448.0,4.6,156,6
58.0,4.1,22,7
305.0,4.1,19,2
389.22,4.4,3,2
314.0,4.6,11,1
351.0,4.0,19,5
282.0,3.5,38,4
311.0,4.6,253,3
1595.0,4.3,41,4
499.0,5.0,1,3
588.0,5.0,3,3
311.0,4.4,23,6
859.0,4.6,2,4
118.0,4.1,3,0
296.0,4.3,93,5
310.0,4.5,34,7
517.0,5.0,1,5
559.0,4.0,22,1
487.9,5.0,4,5
304.0,5.0,1,8
45.0,3.7,42,7
699.0,5.0,1,10
369.25,3.1,3,9
1061.0,5.0,4,4
637.0,4.7,4,1
326.0,4.7,4,3
541.3,3.1,3,0
170.0,4.5,30,2
195.0,4.5,37,7
229.0,4.4,17,0
603.0,5.0,1,6
1265.0,5.0,1,10
1183.0,4.5,2,3
546.0,4.8,16,6
623.0,4.2,6,2
2695.0,4.7,5,3
1038.0,4.7,4,9
373.0,4.5,14,2
259.0,4.7,285,6
221.0,4.4,40,5
569.9,4.7,4,0
336.0,4.1,56,6
366.0,4.2,37,10
180.0,3.6,24,2
3875.0,5.0,4,10
420.0,5.0,4,2
281.0,3.9,6,9
299.0,4.4,13,0
1276.0,4.6,3,7
600.0,3.7,9,10
349.0,4.5,119,2
409.0,4.5,16,2
199.0,4.3,252,0
372.0,1.0,1,10
317.0,4.4,16,9
3680.0,4.3,7,1
303.0,4.8,210,2
1409.0,5.0,2,8
2633.0,4.6,3,9
284.0,4.4,10,6
185.0,4.1,305,5
339.0,4.7,28,3
285.0,4.2,188,8
380.0,4.3,17,7
239.0,4.6,33,5
310.0,3.7,5,9
145.0,4.4,290,0
195.0,5.0,3,7
183.0,4.3,14,0
375.0,5.0,1,0
598.0,4.2,16,0
139.0,5.0,1,5
774.0,4.5,14,6
474.0,5.0,1,3
1347.0,4.0,1,4
471.0,4.2,22,8
449.0,2.3,325,8
574.0,4.1,75,5
270.0,5.0,3,6
4915.0,4.0,53,3
273.0,4.4,10,6
861.0,4.0,4,1
489.0,4.0,3,3
1689.0,3.2,3,4
383.0,4.4,3,0
280.0,4.6,50,5
299.0,4.3,8,2
182.0,4.6,15,0
399.0,4.4,18,9
299.0,4.8,6,8
247.0,4.7,72,2
1689.0,4.0,4,10
334.0,4.1,94,9
1273.0,4.6,3,1
309.0,5.0,3,1
340.0,4.2,18,2
280.0,2.3,9,6
360.0,3.0,1,5
336.0,4.5,17,0
240.0,4.2,9,10
150.0,4.5,37,5
413.0,4.1,13,6
495.0,4.7,308,2
315.0,4.7,5,0
220.0,5.0,4,9
105.0,3.4,5,1
154.0,4.2,16,7
497.17,4.6,125,2
229.0,4.6,15,9
128.0,2.7,4,4
312.0,4.3,9,2
1196.0,3.7,28,8
1234.0,2.9,4,4
70.0,4.3,8,3
627.0,3.5,8,9
470.0,4.5,4,8
383.0,2.9,7,3
255.0,5.0,1,5
310.0,4.5,2,1
319.0,4.2,29,1
4486.0,5.0,3,4
1054.0,5.0,1,1
844.0,3.5,2,3
845.0,5.0,15,1
130.0,4.2,42,5
282.0,4.8,5,10
150.0,4.3,804,8
300.0,5.0,1,10
339.0,4.0,16,5
399.0,4.5,54,9
929.0,4.9,14,4
1248.0,4.0,1,10
297.0,4.0,1,0
702.0,4.5,12,3
350.0,4.2,16,9
336.0,4.8,9,0
1524.0,2.5,2,6
338.0,5.0,12,5
308.0,3.8,15,5
111.0,4.7,5,3
1119.0,4.8,16,0
300.0,4.0,10,4
405.0,5.0,1,6
499.0,5.0,1,3
1599.0,4.2,3,3
1725.14,1.0,1,6
558.0,2.0,1,6
221.0,3.6,12,0
498.9,5.0,1,0
409.0,4.7,31,3
224.0,4.2,64,5
284.0,3.0,1,10
100.0,4.0,1,9
270.0,4.3,218,7
210.0,4.0,31,9
488.0,5.0,1,5
398.0,4.0,1,4
94.84,4.7,13,7
1434.0,5.0,1,10
250.0,4.6,19,4
114.0,4.7,551,2
359.0,4.5,28,2
910.0,5.0,1,3
653.0,4.8,10,9
1214.0,4.4,54,10
1068.0,5.0,3,0
349.0,4.0,37,5
637.51,4.3,98,6
1304.0,5.0,1,4
266.0,3.6,17,2
68.0,4.1,6,0
1286.0,4.0,1,10
102.0,4.0,33,7
154.0,4.6,165,2
389.0,4.8,43,5
227.0,5.0,1,5
132.0,3.8,14,9
590.0,5.0,1,7
499.0,3.7,4,6
1061.0,4.4,3,10
591.0,4.2,8,1
965.0,4.8,7,9
449.0,3.0,1,10
1457.0,3.0,1,7
569.0,3.5,3,1
408.0,4.5,89,9
207.0,4.2,137,0
196.0,1.0,1,5
450.0,4.2,3,7
300.0,3.7,12,6
199.0,4.4,45,5
160.0,4.3,11,7
254.0,4.4,288,0
1007.0,5.0,4,0
661.0,4.0,1,3
189.0,4.6,15,5
594.0,4.0,2,3
324.0,5.0,4,6
416.0,5.0,1,8
250.0,4.8,10,1
319.0,4.3,28,5
580.17,4.3,12,4
99.0,4.0,17,6
288.0,4.6,28,5
200.0,4.6,14,10
1821.0,5.0,4,1
626.0,4.0,3,5
131.0,4.2,39,6
736.0,4.8,8,1
429.0,4.4,22,4
383.0,5.0,2,5
470.0,4.2,17,8
454.0,5.0,3,3
142.0,4.4,483,2
724.0,4.7,19,2
1983.0,5.0,5,6
207.0,4.0,33,2
150.0,3.9,26,7
862.0,4.5,4,3
473.09,4.4,7,1
210.0,3.9,606,2
249.0,3.9,22,5
225.0,4.8,9,2
299.0,5.0,1,10
495.0,5.0,1,10
436.68,4.4,63,0
575.0,3.0,1,4
510.0,5.0,1,6
310.0,3.7,113,0
366.0,4.1,7,2
247.0,5.0,2,3
314.0,4.0,2,5
310.0,4.8,85,5
149.0,5.0,3,5
625.0,3.0,2,3
156.0,3.7,121,7
300.0,4.3,8,2
225.0,4.7,10,4
152.0,4.3,90,3
79.0,4.9,14,7
210.0,3.7,11,5
829.0,4.5,2,8
319.0,4.3,4,6
284.0,4.0,1,0
252.0,4.5,60,9
283.0,3.8,13,3
570.0,4.3,22,4
412.0,5.0,2,9
532.0,5.0,1,6
614.0,4.3,74,7
651.0,2.4,2,5
3859.0,5.0,1,0
449.0,3.7,6,8
409.0,4.7,30,2
748.0,4.8,24,3
1107.0,4.0,1,7
790.0,4.8,30,6
739.0,4.7,4,5
359.0,4.6,9,0
450.0,4.2,3,6
280.0,3.6,32,9
239.0,4.3,3,8
2033.0,3.8,3,7
125.0,4.6,1416,2
299.0,4.3,12,2
413.0,3.7,16,6
999.44,4.3,29,6
132.0,4.6,96,7
288.0,4.9,73,10
563.0,3.9,46,0
578.88,4.9,10,10
539.13,3.3,5,2
479.0,4.0,12,5
1120.0,4.4,2,6
413.0,5.0,3,7
249.0,1.0,1,0
115.0,4.7,4,3
245.0,4.4,2,9
699.0,4.2,38,2
549.0,5.0,1,3
108.0,4.2,39,3
224.0,5.0,1,7
185.0,4.6,230,8
200.0,5.0,2,8
59.0,4.4,902,2
296.0,3.8,6,3
300.0,4.6,3,0
358.0,3.7,8,6
2729.0,4.7,7,1
175.0,3.3,21,8
295.0,4.1,29,0
542.0,4.9,20,2
